Area,Perimeter,Major_Axis_Length,Minor_Axis_Length,Convex_Area,Equiv_Diameter,Eccentricity,Solidity,Extent,Roundness,Aspect_Ration,Compactness,Class
"56,276",888.24,326.15,220.24,"56,831",267.68,0.74,0.99,0.75,0.90,1.48,0.82,Çerçevelik
"76,631","1,068.15",417.19,234.23,"77,280",312.36,0.83,0.99,0.72,0.84,1.78,0.75,Çerçevelik
"71,623","1,082.99",435.83,211.05,"72,663",301.98,0.87,0.99,0.74,0.77,2.07,0.69,Çerçevelik
"66,458",992.05,381.56,222.53,"67,118",290.89,0.81,0.99,0.74,0.85,1.71,0.76,Çerçevelik
"66,107",998.15,383.89,220.45,"67,117",290.12,0.82,0.99,0.68,0.83,1.74,0.76,Çerçevelik
"73,191","1,041.46",405.81,231.43,"73,969",305.27,0.82,0.99,0.72,0.85,1.75,0.75,Çerçevelik
"73,338","1,020.06",392.25,238.55,"73,859",305.58,0.79,0.99,0.72,0.89,1.64,0.78,Çerçevelik
"69,692","1,049.11",421.49,211.77,"70,442",297.88,0.86,0.99,0.67,0.80,1.99,0.71,Çerçevelik
"95,727","1,231.61",488.12,251.31,"96,831",349.12,0.86,0.99,0.62,0.79,1.94,0.72,Çerçevelik
"73,465","1,047.77",413.65,227.26,"74,089",305.84,0.84,0.99,0.74,0.84,1.82,0.74,Çerçevelik
"83,429","1,114.56",438.58,242.88,"84,126",325.92,0.83,0.99,0.70,0.84,1.81,0.74,Çerçevelik
"85,461","1,136.13",446.29,245.16,"86,344",329.87,0.84,0.99,0.75,0.83,1.82,0.74,Çerçevelik
"71,393","1,096.53",459.21,199.13,"72,203",301.50,0.90,0.99,0.60,0.75,2.31,0.66,Çerçevelik
"80,151","1,088.35",420.88,244.26,"80,854",319.45,0.81,0.99,0.73,0.85,1.72,0.76,Çerçevelik
"68,078","1,016.82",403.06,215.60,"68,709",294.41,0.84,0.99,0.74,0.83,1.87,0.73,Çerçevelik
"57,934",933.36,368.78,201.21,"58,651",271.60,0.84,0.99,0.71,0.84,1.83,0.74,Çerçevelik
"61,138",953.26,371.27,211.37,"61,753",279.00,0.82,0.99,0.74,0.85,1.76,0.75,Çerçevelik
"61,519",964.69,382.18,205.64,"62,227",279.87,0.84,0.99,0.67,0.83,1.86,0.73,Çerçevelik
"76,073","1,064.23",430.76,225.33,"76,576",311.22,0.85,0.99,0.77,0.84,1.91,0.72,Çerçevelik
"56,882",926.30,368.02,197.46,"57,544",269.12,0.84,0.99,0.74,0.83,1.86,0.73,Çerçevelik
"69,350","1,037.40",418.27,211.94,"70,249",297.15,0.86,0.99,0.75,0.81,1.97,0.71,Çerçevelik
"82,196","1,141.07",466.23,225.85,"82,991",323.50,0.87,0.99,0.67,0.79,2.06,0.69,Çerçevelik
"62,165",936.72,356.83,222.39,"62,647",281.34,0.78,0.99,0.72,0.89,1.60,0.79,Çerçevelik
"85,913","1,120.78",435.74,251.46,"86,577",330.74,0.82,0.99,0.74,0.86,1.73,0.76,Çerçevelik
"68,683","1,021.57",409.83,214.40,"69,337",295.72,0.85,0.99,0.65,0.83,1.91,0.72,Çerçevelik
"61,215",951.51,369.41,212.72,"61,936",279.18,0.82,0.99,0.68,0.85,1.74,0.76,Çerçevelik
"72,713","1,039.38",401.81,231.20,"73,336",304.27,0.82,0.99,0.69,0.85,1.74,0.76,Çerçevelik
"58,684",917.48,355.84,210.45,"59,202",273.35,0.81,0.99,0.72,0.88,1.69,0.77,Çerçevelik
"59,652",932.20,359.17,213.72,"60,204",275.59,0.80,0.99,0.68,0.86,1.68,0.77,Çerçevelik
"89,091","1,138.97",443.72,256.10,"89,964",336.80,0.82,0.99,0.74,0.86,1.73,0.76,Çerçevelik
"58,701",924.23,361.28,207.36,"59,204",273.39,0.82,0.99,0.67,0.86,1.74,0.76,Çerçevelik
"67,699","1,023.72",405.67,213.45,"68,507",293.59,0.85,0.99,0.69,0.81,1.90,0.72,Çerçevelik
"80,555","1,089.00",418.40,246.14,"81,584",320.26,0.81,0.99,0.74,0.85,1.70,0.77,Çerçevelik
"68,816",996.08,387.61,227.58,"69,403",296.01,0.81,0.99,0.75,0.87,1.70,0.76,Çerçevelik
"80,729","1,095.10",430.93,239.09,"81,407",320.60,0.83,0.99,0.75,0.85,1.80,0.74,Çerçevelik
"67,796","1,004.68",384.12,226.07,"68,610",293.80,0.81,0.99,0.70,0.84,1.70,0.76,Çerçevelik
"71,730","1,035.02",402.10,227.92,"72,668",302.21,0.82,0.99,0.68,0.84,1.76,0.75,Çerçevelik
"70,771","1,016.41",387.19,234.02,"71,451",300.18,0.80,0.99,0.72,0.86,1.65,0.78,Çerçevelik
"73,611","1,019.85",384.02,244.59,"74,230",306.14,0.77,0.99,0.72,0.89,1.57,0.80,Çerçevelik
"79,842","1,133.40",458.04,222.83,"80,792",318.84,0.87,0.99,0.74,0.78,2.06,0.70,Çerçevelik
"68,822","1,036.68",422.29,208.05,"69,467",296.02,0.87,0.99,0.75,0.80,2.03,0.70,Çerçevelik
"76,775","1,090.25",440.85,223.20,"77,569",312.65,0.86,0.99,0.74,0.81,1.98,0.71,Çerçevelik
"62,105",986.37,390.43,203.16,"62,792",281.20,0.85,0.99,0.66,0.80,1.92,0.72,Çerçevelik
"55,811",937.11,360.57,199.14,"56,778",266.57,0.83,0.98,0.63,0.80,1.81,0.74,Çerçevelik
"97,062","1,181.12",441.07,281.39,"97,926",351.54,0.77,0.99,0.73,0.87,1.57,0.80,Çerçevelik
"70,361","1,060.62",431.29,208.62,"71,075",299.31,0.88,0.99,0.66,0.79,2.07,0.69,Çerçevelik
"75,482","1,050.83",388.62,247.84,"76,417",310.01,0.77,0.99,0.70,0.86,1.57,0.80,Çerçevelik
"67,832","1,004.39",380.66,228.26,"68,816",293.88,0.80,0.99,0.72,0.85,1.67,0.77,Çerçevelik
"67,135","1,031.82",368.10,238.78,"68,784",292.37,0.76,0.98,0.69,0.79,1.54,0.79,Çerçevelik
"79,074","1,065.43",398.66,253.87,"79,681",317.30,0.77,0.99,0.74,0.88,1.57,0.80,Çerçevelik
"86,164","1,122.04",428.27,256.97,"86,938",331.22,0.80,0.99,0.69,0.86,1.67,0.77,Çerçevelik
"67,549","1,004.33",392.51,219.68,"68,147",293.27,0.83,0.99,0.71,0.84,1.79,0.75,Çerçevelik
"87,490","1,137.82",429.79,260.80,"88,474",333.76,0.79,0.99,0.76,0.85,1.65,0.78,Çerçevelik
"82,468","1,135.00",452.27,232.59,"83,212",324.04,0.86,0.99,0.63,0.80,1.94,0.72,Çerçevelik
"90,346","1,173.76",462.22,250.04,"91,444",339.16,0.84,0.99,0.74,0.82,1.85,0.73,Çerçevelik
"73,484","1,076.32",423.54,223.21,"74,411",305.88,0.85,0.99,0.74,0.80,1.90,0.72,Çerçevelik
"87,906","1,156.06",446.53,251.70,"88,905",334.55,0.83,0.99,0.71,0.83,1.77,0.75,Çerçevelik
"83,467","1,127.23",452.14,235.43,"84,142",326.00,0.85,0.99,0.76,0.83,1.92,0.72,Çerçevelik
"82,324","1,108.52",440.72,238.82,"82,952",323.76,0.84,0.99,0.75,0.84,1.85,0.73,Çerçevelik
"88,264","1,156.40",461.00,244.57,"89,044",335.23,0.85,0.99,0.77,0.83,1.89,0.73,Çerçevelik
"106,862","1,253.49",492.49,277.48,"107,521",368.86,0.83,0.99,0.74,0.85,1.77,0.75,Çerçevelik
"69,275","1,007.57",386.02,229.62,"70,121",296.99,0.80,0.99,0.73,0.86,1.68,0.77,Çerçevelik
"64,922",987.93,382.43,216.78,"65,490",287.51,0.82,0.99,0.70,0.84,1.76,0.75,Çerçevelik
"88,645","1,177.00",464.83,243.82,"89,630",335.96,0.85,0.99,0.74,0.80,1.91,0.72,Çerçevelik
"102,336","1,241.00",490.54,266.72,"103,286",360.97,0.84,0.99,0.73,0.84,1.84,0.74,Çerçevelik
"64,604","1,000.25",403.98,204.32,"65,208",286.80,0.86,0.99,0.65,0.81,1.98,0.71,Çerçevelik
"71,311","1,036.34",410.67,222.19,"72,149",301.32,0.84,0.99,0.74,0.83,1.85,0.73,Çerçevelik
"87,179","1,136.82",445.23,250.67,"88,092",333.17,0.83,0.99,0.71,0.85,1.78,0.75,Çerçevelik
"86,869","1,164.89",464.35,238.92,"87,821",332.57,0.86,0.99,0.67,0.80,1.94,0.72,Çerçevelik
"77,063","1,109.14",452.24,217.89,"77,806",313.24,0.88,0.99,0.62,0.79,2.08,0.69,Çerçevelik
"74,522","1,090.46",439.70,217.28,"75,450",308.03,0.87,0.99,0.72,0.79,2.02,0.70,Çerçevelik
"64,543",959.77,364.35,226.75,"65,140",286.67,0.78,0.99,0.70,0.88,1.61,0.79,Çerçevelik
"95,832","1,229.24",501.02,244.03,"96,696",349.31,0.87,0.99,0.73,0.80,2.05,0.70,Çerçevelik
"68,607","1,004.03",385.86,227.71,"69,396",295.56,0.81,0.99,0.70,0.86,1.69,0.77,Çerçevelik
"79,071","1,089.77",422.34,240.72,"80,002",317.30,0.82,0.99,0.67,0.84,1.75,0.75,Çerçevelik
"70,673","1,055.63",423.94,213.35,"71,608",299.97,0.86,0.99,0.66,0.80,1.99,0.71,Çerçevelik
"69,517","1,059.54",429.84,206.83,"70,493",297.51,0.88,0.99,0.66,0.78,2.08,0.69,Çerçevelik
"66,702","1,029.56",420.90,203.12,"67,399",291.42,0.88,0.99,0.71,0.79,2.07,0.69,Çerçevelik
"78,870","1,081.04",430.04,234.20,"79,424",316.89,0.84,0.99,0.71,0.85,1.84,0.74,Çerçevelik
"73,550","1,076.14",436.65,215.15,"74,475",306.02,0.87,0.99,0.75,0.80,2.03,0.70,Çerçevelik
"70,285","1,038.97",397.30,227.08,"71,505",299.15,0.82,0.98,0.69,0.82,1.75,0.75,Çerçevelik
"68,243","1,011.25",404.42,215.33,"68,741",294.77,0.85,0.99,0.75,0.84,1.88,0.73,Çerçevelik
"64,811",964.38,359.90,230.14,"65,426",287.26,0.77,0.99,0.76,0.88,1.56,0.80,Çerçevelik
"102,377","1,230.44",477.37,274.24,"103,258",361.04,0.82,0.99,0.74,0.85,1.74,0.76,Çerçevelik
"91,385","1,190.49",485.55,242.13,"92,490",341.11,0.87,0.99,0.72,0.81,2.01,0.70,Çerçevelik
"70,222","1,025.28",402.12,223.10,"70,779",299.01,0.83,0.99,0.70,0.84,1.80,0.74,Çerçevelik
"85,946","1,121.27",420.85,261.71,"87,047",330.80,0.78,0.99,0.74,0.86,1.61,0.79,Çerçevelik
"93,924","1,172.49",450.54,266.23,"94,692",345.81,0.81,0.99,0.73,0.86,1.69,0.77,Çerçevelik
"75,710","1,043.53",395.51,244.55,"76,522",310.48,0.79,0.99,0.74,0.87,1.62,0.79,Çerçevelik
"73,382","1,018.71",389.05,240.67,"73,955",305.67,0.79,0.99,0.76,0.89,1.62,0.79,Çerçevelik
"96,935","1,201.90",449.52,276.21,"98,071",351.31,0.79,0.99,0.71,0.84,1.63,0.78,Çerçevelik
"72,138","1,048.20",412.07,223.87,"72,927",303.07,0.84,0.99,0.70,0.83,1.84,0.74,Çerçevelik
"82,132","1,146.16",460.81,228.73,"83,126",323.38,0.87,0.99,0.64,0.79,2.01,0.70,Çerçevelik
"76,325","1,076.07",420.29,232.43,"77,189",311.74,0.83,0.99,0.73,0.83,1.81,0.74,Çerçevelik
"77,691","1,079.67",412.64,240.93,"78,673",314.51,0.81,0.99,0.68,0.84,1.71,0.76,Çerçevelik
"82,306","1,059.11",390.55,268.91,"82,826",323.72,0.73,0.99,0.73,0.92,1.45,0.83,Çerçevelik
"66,789","1,017.28",405.31,210.46,"67,514",291.61,0.85,0.99,0.74,0.81,1.93,0.72,Çerçevelik
"80,137","1,124.14",454.46,225.13,"80,936",319.43,0.87,0.99,0.66,0.80,2.02,0.70,Çerçevelik
"70,041","1,017.78",392.87,230.24,"70,789",298.63,0.81,0.99,0.73,0.85,1.71,0.76,Çerçevelik
"85,039","1,130.27",433.73,250.86,"85,907",329.05,0.82,0.99,0.70,0.84,1.73,0.76,Çerçevelik
"98,441","1,249.00",489.51,257.69,"99,561",354.03,0.85,0.99,0.69,0.79,1.90,0.72,Çerçevelik
"91,282","1,171.05",427.74,273.20,"93,122",340.92,0.77,0.98,0.71,0.84,1.57,0.80,Çerçevelik
"73,346","1,076.34",418.79,224.63,"74,449",305.59,0.84,0.99,0.64,0.80,1.86,0.73,Çerçevelik
"89,332","1,199.71",471.98,241.52,"90,457",337.26,0.86,0.99,0.75,0.78,1.95,0.71,Çerçevelik
"75,040","1,139.51",449.80,215.94,"76,482",309.10,0.88,0.98,0.60,0.73,2.08,0.69,Çerçevelik
"78,532","1,123.85",432.72,232.20,"79,455",316.21,0.84,0.99,0.70,0.78,1.86,0.73,Çerçevelik
"96,211","1,169.30",418.72,293.49,"97,138",350.00,0.71,0.99,0.75,0.88,1.43,0.84,Çerçevelik
"79,102","1,120.31",430.87,234.46,"79,999",317.36,0.84,0.99,0.67,0.79,1.84,0.74,Çerçevelik
"80,920","1,171.65",397.45,262.35,"82,943",320.98,0.75,0.98,0.73,0.74,1.52,0.81,Çerçevelik
"65,386","1,017.98",389.28,217.03,"66,640",288.53,0.83,0.98,0.75,0.79,1.79,0.74,Çerçevelik
"92,816","1,229.79",472.87,252.04,"93,938",343.77,0.85,0.99,0.71,0.77,1.88,0.73,Çerçevelik
"88,903","1,208.56",476.11,239.01,"89,984",336.44,0.86,0.99,0.68,0.76,1.99,0.71,Çerçevelik
"74,959","1,059.48",399.99,239.65,"75,668",308.93,0.80,0.99,0.74,0.84,1.67,0.77,Çerçevelik
"60,145",938.70,357.57,214.62,"60,824",276.73,0.80,0.99,0.68,0.86,1.67,0.77,Çerçevelik
"94,019","1,215.14",470.82,255.62,"95,889",345.99,0.84,0.98,0.75,0.80,1.84,0.73,Çerçevelik
"71,623","1,086.45",431.66,214.32,"72,709",301.98,0.87,0.99,0.73,0.76,2.01,0.70,Çerçevelik
"68,575","1,013.01",376.12,233.58,"69,321",295.49,0.78,0.99,0.70,0.84,1.61,0.79,Çerçevelik
"88,037","1,143.45",428.99,262.15,"88,881",334.80,0.79,0.99,0.73,0.85,1.64,0.78,Çerçevelik
"76,709","1,086.64",426.93,229.93,"77,379",312.52,0.84,0.99,0.73,0.82,1.86,0.73,Çerçevelik
"75,307","1,079.81",421.51,228.32,"76,138",309.65,0.84,0.99,0.67,0.81,1.85,0.73,Çerçevelik
"81,357","1,092.36",411.25,252.76,"82,145",321.85,0.79,0.99,0.74,0.86,1.63,0.78,Çerçevelik
"62,211",968.90,369.05,215.63,"63,090",281.44,0.81,0.99,0.72,0.83,1.71,0.76,Çerçevelik
"68,265","1,034.97",401.94,217.65,"69,242",294.82,0.84,0.99,0.73,0.80,1.85,0.73,Çerçevelik
"80,150","1,130.44",447.85,228.73,"80,928",319.45,0.86,0.99,0.64,0.79,1.96,0.71,Çerçevelik
"82,031","1,108.32",429.89,243.29,"82,716",323.18,0.82,0.99,0.70,0.84,1.77,0.75,Çerçevelik
"59,259",931.36,357.89,212.05,"59,858",274.68,0.81,0.99,0.73,0.86,1.69,0.77,Çerçevelik
"83,446","1,194.04",481.65,221.49,"84,624",325.96,0.89,0.99,0.69,0.74,2.17,0.68,Çerçevelik
"80,722","1,103.91",426.83,241.45,"81,479",320.59,0.82,0.99,0.67,0.83,1.77,0.75,Çerçevelik
"64,073","1,033.25",405.16,207.18,"67,150",285.62,0.86,0.95,0.70,0.75,1.96,0.71,Çerçevelik
"66,968","1,022.47",398.68,214.65,"67,989",292.00,0.84,0.99,0.66,0.81,1.86,0.73,Çerçevelik
"66,523","1,022.99",405.30,210.16,"67,228",291.03,0.86,0.99,0.75,0.80,1.93,0.72,Çerçevelik
"101,124","1,255.65",481.94,271.24,"103,164",358.82,0.83,0.98,0.65,0.81,1.78,0.74,Çerçevelik
"79,149","1,115.47",436.02,232.39,"80,168",317.45,0.85,0.99,0.64,0.80,1.88,0.73,Çerçevelik
"71,517","1,051.75",401.40,227.75,"72,424",301.76,0.82,0.99,0.72,0.81,1.76,0.75,Çerçevelik
"68,860","1,027.83",382.18,232.07,"69,990",296.10,0.79,0.98,0.72,0.82,1.65,0.77,Çerçevelik
"87,776","1,181.68",475.48,235.79,"88,795",334.31,0.87,0.99,0.75,0.79,2.02,0.70,Çerçevelik
"92,175","1,207.75",485.43,242.98,"93,233",342.58,0.87,0.99,0.72,0.79,2.00,0.71,Çerçevelik
"73,018","1,056.45",399.47,233.55,"74,076",304.91,0.81,0.99,0.67,0.82,1.71,0.76,Çerçevelik
"69,718","1,066.69",418.07,214.13,"70,945",297.94,0.86,0.98,0.72,0.77,1.95,0.71,Çerçevelik
"56,561",902.59,342.32,210.80,"57,075",268.36,0.79,0.99,0.74,0.87,1.62,0.78,Çerçevelik
"80,375","1,112.36",433.34,238.46,"81,364",319.90,0.84,0.99,0.66,0.82,1.82,0.74,Çerçevelik
"67,258","1,033.49",412.80,208.32,"68,108",292.64,0.86,0.99,0.64,0.79,1.98,0.71,Çerçevelik
"74,104","1,067.60",401.85,237.28,"75,071",307.17,0.81,0.99,0.74,0.82,1.69,0.76,Çerçevelik
"81,694","1,118.85",442.77,235.84,"82,443",322.52,0.85,0.99,0.64,0.82,1.88,0.73,Çerçevelik
"62,584","1,017.20",345.10,233.81,"64,781",282.28,0.74,0.97,0.74,0.76,1.48,0.82,Çerçevelik
"70,175","1,029.92",390.87,229.49,"70,940",298.91,0.81,0.99,0.73,0.83,1.70,0.76,Çerçevelik
"95,608","1,217.11",475.33,257.70,"96,740",348.90,0.84,0.99,0.70,0.81,1.84,0.73,Çerçevelik
"99,115","1,245.19",473.80,268.46,"100,258",355.24,0.82,0.99,0.72,0.80,1.76,0.75,Çerçevelik
"72,614","1,077.59",412.82,226.12,"73,913",304.06,0.84,0.98,0.70,0.79,1.83,0.74,Çerçevelik
"84,534","1,150.80",447.58,241.22,"85,376",328.07,0.84,0.99,0.74,0.80,1.86,0.73,Çerçevelik
"80,658","1,135.13",441.57,232.96,"81,631",320.46,0.85,0.99,0.75,0.79,1.90,0.73,Çerçevelik
"82,306","1,116.46",410.75,256.24,"83,372",323.72,0.78,0.99,0.73,0.83,1.60,0.79,Çerçevelik
"78,850","1,107.50",402.31,252.22,"79,870",316.85,0.78,0.99,0.73,0.81,1.60,0.79,Çerçevelik
"83,219","1,103.07",412.34,257.67,"84,013",325.51,0.78,0.99,0.72,0.86,1.60,0.79,Çerçevelik
"67,629","1,043.16",394.41,219.70,"69,144",293.44,0.83,0.98,0.70,0.78,1.80,0.74,Çerçevelik
"99,655","1,229.16",477.44,266.76,"100,495",356.21,0.83,0.99,0.69,0.83,1.79,0.75,Çerçevelik
"95,117","1,205.37",477.82,254.33,"95,970",348.00,0.85,0.99,0.76,0.82,1.88,0.73,Çerçevelik
"98,565","1,258.45",503.94,249.91,"99,461",354.26,0.87,0.99,0.71,0.78,2.02,0.70,Çerçevelik
"62,105",989.88,394.74,202.80,"62,653",281.20,0.86,0.99,0.67,0.80,1.95,0.71,Çerçevelik
"71,757","1,022.20",394.11,232.74,"72,386",302.26,0.81,0.99,0.69,0.86,1.69,0.77,Çerçevelik
"72,457","1,016.49",380.85,242.58,"73,000",303.74,0.77,0.99,0.73,0.88,1.57,0.80,Çerçevelik
"87,484","1,147.18",438.53,256.15,"88,362",333.75,0.81,0.99,0.72,0.84,1.71,0.76,Çerçevelik
"91,865","1,144.14",428.33,274.05,"92,776",342.00,0.77,0.99,0.72,0.88,1.56,0.80,Çerçevelik
"76,259","1,095.38",431.80,226.65,"77,235",311.60,0.85,0.99,0.71,0.80,1.91,0.72,Çerçevelik
"70,334","1,024.95",395.50,227.61,"71,376",299.25,0.82,0.99,0.75,0.84,1.74,0.76,Çerçevelik
"69,309","1,014.27",398.54,222.23,"69,841",297.06,0.83,0.99,0.68,0.85,1.79,0.75,Çerçevelik
"96,856","1,208.21",457.75,271.20,"98,253",351.17,0.81,0.99,0.70,0.83,1.69,0.77,Çerçevelik
"107,244","1,239.76",474.80,288.57,"108,061",369.52,0.79,0.99,0.74,0.88,1.65,0.78,Çerçevelik
"78,250","1,102.29",443.00,225.71,"78,959",315.64,0.86,0.99,0.75,0.81,1.96,0.71,Çerçevelik
"78,571","1,144.29",422.14,239.19,"80,655",316.29,0.82,0.97,0.67,0.75,1.76,0.75,Çerçevelik
"81,547","1,119.85",442.01,236.77,"82,559",322.22,0.84,0.99,0.63,0.82,1.87,0.73,Çerçevelik
"93,985","1,231.82",485.72,249.00,"95,250",345.93,0.86,0.99,0.61,0.78,1.95,0.71,Çerçevelik
"78,244","1,064.82",401.95,249.15,"78,950",315.63,0.78,0.99,0.72,0.87,1.61,0.79,Çerçevelik
"72,684","1,061.56",420.49,221.38,"73,535",304.21,0.85,0.99,0.73,0.81,1.90,0.72,Çerçevelik
"69,852","1,024.85",409.47,218.10,"70,369",298.23,0.85,0.99,0.67,0.84,1.88,0.73,Çerçevelik
"89,976","1,171.01",466.95,246.76,"91,107",338.47,0.85,0.99,0.71,0.82,1.89,0.72,Çerçevelik
"70,023","1,023.40",391.86,230.01,"70,867",298.59,0.81,0.99,0.73,0.84,1.70,0.76,Çerçevelik
"74,744","1,052.63",417.33,228.90,"75,366",308.49,0.84,0.99,0.72,0.85,1.82,0.74,Çerçevelik
"79,451","1,084.96",424.14,239.30,"80,278",318.06,0.83,0.99,0.76,0.85,1.77,0.75,Çerçevelik
"98,111","1,204.97",473.53,264.33,"98,851",353.44,0.83,0.99,0.68,0.85,1.79,0.75,Çerçevelik
"67,582","1,022.18",414.33,209.19,"68,201",293.34,0.86,0.99,0.67,0.81,1.98,0.71,Çerçevelik
"73,537","1,056.60",415.18,227.11,"74,374",305.99,0.84,0.99,0.66,0.83,1.83,0.74,Çerçevelik
"71,109","1,023.38",402.99,224.96,"71,694",300.90,0.83,0.99,0.67,0.85,1.79,0.75,Çerçevelik
"81,463","1,099.85",439.67,236.40,"81,993",322.06,0.84,0.99,0.74,0.85,1.86,0.73,Çerçevelik
"89,806","1,172.28",466.53,245.86,"90,579",338.15,0.85,0.99,0.75,0.82,1.90,0.72,Çerçevelik
"64,809","1,003.58",402.37,206.26,"65,578",287.26,0.86,0.99,0.64,0.81,1.95,0.71,Çerçevelik
"73,692","1,047.38",411.49,229.09,"74,317",306.31,0.83,0.99,0.72,0.84,1.80,0.74,Çerçevelik
"90,239","1,298.35",538.02,217.97,"92,604",338.96,0.91,0.97,0.51,0.67,2.47,0.63,Çerçevelik
"76,863","1,069.73",419.08,235.38,"77,515",312.83,0.83,0.99,0.74,0.84,1.78,0.75,Çerçevelik
"95,497","1,199.38",472.53,258.67,"96,748",348.70,0.84,0.99,0.74,0.83,1.83,0.74,Çerçevelik
"64,916",960.74,373.53,221.43,"65,373",287.50,0.81,0.99,0.74,0.88,1.69,0.77,Çerçevelik
"68,772","1,047.82",423.80,208.84,"69,678",295.91,0.87,0.99,0.67,0.79,2.03,0.70,Çerçevelik
"76,888","1,096.99",441.49,222.58,"77,743",312.88,0.86,0.99,0.64,0.80,1.98,0.71,Çerçevelik
"84,397","1,203.64",483.52,223.64,"85,408",327.81,0.89,0.99,0.59,0.73,2.16,0.68,Çerçevelik
"68,693","1,018.10",404.33,217.32,"69,334",295.74,0.84,0.99,0.74,0.83,1.86,0.73,Çerçevelik
"68,426",966.05,353.36,247.15,"68,894",295.17,0.71,0.99,0.74,0.92,1.43,0.84,Çerçevelik
"72,508","1,032.43",404.15,229.04,"73,094",303.84,0.82,0.99,0.66,0.85,1.76,0.75,Çerçevelik
"86,168","1,115.21",429.11,256.36,"86,770",331.23,0.80,0.99,0.74,0.87,1.67,0.77,Çerçevelik
"93,734","1,149.49",436.63,273.93,"94,548",345.46,0.78,0.99,0.74,0.89,1.59,0.79,Çerçevelik
"81,702","1,132.45",446.18,234.84,"83,070",322.53,0.85,0.98,0.67,0.80,1.90,0.72,Çerçevelik
"67,828",995.11,389.20,222.44,"68,429",293.87,0.82,0.99,0.68,0.86,1.75,0.76,Çerçevelik
"70,565","1,046.16",418.00,216.54,"71,390",299.74,0.86,0.99,0.71,0.81,1.93,0.72,Çerçevelik
"97,902","1,233.71",491.14,254.80,"99,020",353.06,0.85,0.99,0.78,0.81,1.93,0.72,Çerçevelik
"58,698",943.08,366.40,206.29,"59,542",273.38,0.83,0.99,0.72,0.83,1.78,0.75,Çerçevelik
"74,559","1,029.47",391.78,243.18,"75,040",308.11,0.78,0.99,0.73,0.88,1.61,0.79,Çerçevelik
"83,655","1,125.23",439.89,242.90,"84,527",326.36,0.83,0.99,0.69,0.83,1.81,0.74,Çerçevelik
"103,683","1,239.77",476.67,277.52,"104,708",363.34,0.81,0.99,0.68,0.85,1.72,0.76,Çerçevelik
"87,913","1,169.89",445.64,252.99,"89,481",334.57,0.82,0.98,0.74,0.81,1.76,0.75,Çerçevelik
"69,069",986.68,371.60,237.00,"69,623",296.55,0.77,0.99,0.74,0.89,1.57,0.80,Çerçevelik
"73,827","1,077.45",430.56,219.47,"74,631",306.59,0.86,0.99,0.73,0.80,1.96,0.71,Çerçevelik
"95,554","1,186.90",450.77,270.65,"96,491",348.80,0.80,0.99,0.74,0.85,1.67,0.77,Çerçevelik
"65,593",975.95,376.79,222.44,"66,217",288.99,0.81,0.99,0.76,0.87,1.69,0.77,Çerçevelik
"87,034","1,121.45",418.23,266.72,"88,121",332.89,0.77,0.99,0.70,0.87,1.57,0.80,Çerçevelik
"80,452","1,120.10",451.05,227.33,"81,194",320.05,0.86,0.99,0.75,0.81,1.98,0.71,Çerçevelik
"71,614","1,036.48",405.57,226.02,"72,260",301.96,0.83,0.99,0.69,0.84,1.79,0.74,Çerçevelik
"95,740","1,186.06",451.54,271.40,"96,724",349.14,0.80,0.99,0.72,0.86,1.66,0.77,Çerçevelik
"66,900","1,005.95",391.00,218.63,"67,516",291.86,0.83,0.99,0.71,0.83,1.79,0.75,Çerçevelik
"94,954","1,210.98",474.38,257.00,"96,121",347.71,0.84,0.99,0.72,0.81,1.85,0.73,Çerçevelik
"99,109","1,222.61",489.28,258.13,"99,840",355.23,0.85,0.99,0.70,0.83,1.90,0.73,Çerçevelik
"81,555","1,110.58",437.13,239.02,"82,508",322.24,0.84,0.99,0.66,0.83,1.83,0.74,Çerçevelik
"64,088",951.71,357.68,229.85,"64,658",285.66,0.77,0.99,0.74,0.89,1.56,0.80,Çerçevelik
"66,300","1,115.09",374.07,227.99,"67,574",290.54,0.79,0.98,0.74,0.67,1.64,0.78,Çerçevelik
"75,406","1,078.60",433.84,223.02,"76,149",309.85,0.86,0.99,0.62,0.81,1.95,0.71,Çerçevelik
"82,602","1,101.75",427.44,247.03,"83,456",324.30,0.82,0.99,0.75,0.86,1.73,0.76,Çerçevelik
"94,164","1,188.45",469.39,257.65,"95,146",346.26,0.84,0.99,0.68,0.84,1.82,0.74,Çerçevelik
"92,224","1,206.00",475.98,248.62,"93,661",342.67,0.85,0.98,0.66,0.80,1.91,0.72,Çerçevelik
"102,803","1,416.30",614.90,216.44,"104,364",361.79,0.94,0.99,0.75,0.64,2.84,0.59,Çerçevelik
"84,554","1,114.07",423.93,255.13,"85,567",328.11,0.80,0.99,0.69,0.86,1.66,0.77,Çerçevelik
"107,230","1,318.00",530.26,258.47,"108,486",369.50,0.87,0.99,0.70,0.78,2.05,0.70,Çerçevelik
"58,347",976.69,350.30,213.44,"60,534",272.56,0.79,0.96,0.64,0.77,1.64,0.78,Çerçevelik
"78,173","1,052.56",404.31,247.10,"78,792",315.49,0.79,0.99,0.72,0.89,1.64,0.78,Çerçevelik
"80,206","1,129.59",464.65,220.39,"80,860",319.56,0.88,0.99,0.70,0.79,2.11,0.69,Çerçevelik
"64,292",971.22,381.28,215.33,"64,894",286.11,0.83,0.99,0.67,0.86,1.77,0.75,Çerçevelik
"68,588","1,030.69",414.18,211.93,"69,347",295.51,0.86,0.99,0.62,0.81,1.95,0.71,Çerçevelik
"78,586","1,109.51",452.06,221.96,"79,194",316.32,0.87,0.99,0.71,0.80,2.04,0.70,Çerçevelik
"77,223","1,061.47",420.21,234.31,"77,753",313.57,0.83,0.99,0.76,0.86,1.79,0.75,Çerçevelik
"91,710","1,165.65",461.50,253.51,"92,424",341.71,0.84,0.99,0.66,0.85,1.82,0.74,Çerçevelik
"68,256","1,033.80",413.01,212.21,"68,919",294.80,0.86,0.99,0.71,0.80,1.95,0.71,Çerçevelik
"67,991","1,007.00",393.80,221.07,"68,840",294.23,0.83,0.99,0.74,0.84,1.78,0.75,Çerçevelik
"93,769","1,188.36",463.53,259.10,"94,994",345.53,0.83,0.99,0.73,0.83,1.79,0.75,Çerçevelik
"89,404","1,131.52",432.36,263.91,"90,141",337.39,0.79,0.99,0.75,0.88,1.64,0.78,Çerçevelik
"85,569","1,183.56",491.60,223.13,"86,693",330.08,0.89,0.99,0.69,0.77,2.20,0.67,Çerçevelik
"97,951","1,208.41",470.96,266.29,"98,639",353.15,0.82,0.99,0.72,0.84,1.77,0.75,Çerçevelik
"65,744","1,001.07",401.49,210.06,"66,437",289.32,0.85,0.99,0.73,0.82,1.91,0.72,Çerçevelik
"64,356",989.32,389.63,210.71,"65,074",286.25,0.84,0.99,0.64,0.83,1.85,0.73,Çerçevelik
"66,511","1,034.46",417.90,204.13,"67,336",291.01,0.87,0.99,0.67,0.78,2.05,0.70,Çerçevelik
"83,148","1,108.88",438.97,241.53,"83,703",325.37,0.84,0.99,0.69,0.85,1.82,0.74,Çerçevelik
"106,610","1,290.42",502.58,272.11,"108,253",368.43,0.84,0.98,0.68,0.80,1.85,0.73,Çerçevelik
"99,057","1,264.88",511.94,247.00,"99,987",355.14,0.88,0.99,0.60,0.78,2.07,0.69,Çerçevelik
"90,115","1,187.47",472.61,244.31,"91,271",338.73,0.86,0.99,0.74,0.80,1.93,0.72,Çerçevelik
"68,743",973.33,362.66,241.85,"69,205",295.85,0.75,0.99,0.75,0.91,1.50,0.82,Çerçevelik
"93,982","1,220.09",486.51,247.52,"95,165",345.92,0.86,0.99,0.70,0.79,1.97,0.71,Çerçevelik
"61,151",952.26,364.62,214.87,"62,025",279.03,0.81,0.99,0.73,0.85,1.70,0.77,Çerçevelik
"96,389","1,199.82",465.65,264.56,"97,092",350.32,0.82,0.99,0.74,0.84,1.76,0.75,Çerçevelik
"70,661","1,023.81",389.92,232.17,"71,433",299.95,0.80,0.99,0.74,0.85,1.68,0.77,Çerçevelik
"103,877","1,240.14",478.24,278.07,"104,566",363.68,0.81,0.99,0.74,0.85,1.72,0.76,Çerçevelik
"82,245","1,088.58",411.43,256.00,"83,142",323.60,0.78,0.99,0.74,0.87,1.61,0.79,Çerçevelik
"86,817","1,175.34",462.64,241.30,"87,828",332.47,0.85,0.99,0.69,0.79,1.92,0.72,Çerçevelik
"73,804","1,069.90",429.10,220.28,"74,461",306.55,0.86,0.99,0.75,0.81,1.95,0.71,Çerçevelik
"87,798","1,146.45",443.94,253.40,"88,603",334.35,0.82,0.99,0.75,0.84,1.75,0.75,Çerçevelik
"70,560","1,025.07",402.91,223.70,"71,116",299.73,0.83,0.99,0.74,0.84,1.80,0.74,Çerçevelik
"96,056","1,188.74",457.99,268.60,"96,841",349.72,0.81,0.99,0.74,0.85,1.71,0.76,Çerçevelik
"75,580","1,088.16",441.78,218.42,"76,271",310.21,0.87,0.99,0.76,0.80,2.02,0.70,Çerçevelik
"105,937","1,246.34",463.76,292.48,"107,158",367.26,0.78,0.99,0.77,0.86,1.59,0.79,Çerçevelik
"58,083",917.70,355.25,209.11,"58,535",271.94,0.81,0.99,0.73,0.87,1.70,0.77,Çerçevelik
"71,221","1,026.34",404.00,225.29,"71,808",301.13,0.83,0.99,0.76,0.85,1.79,0.75,Çerçevelik
"66,148",992.10,389.11,218.07,"66,662",290.21,0.83,0.99,0.68,0.84,1.78,0.75,Çerçevelik
"83,762","1,173.56",484.76,220.67,"84,684",326.57,0.89,0.99,0.68,0.76,2.20,0.67,Çerçevelik
"83,568","1,108.33",426.25,250.02,"84,328",326.19,0.81,0.99,0.71,0.85,1.70,0.77,Çerçevelik
"67,292",977.07,364.61,236.11,"68,184",292.71,0.76,0.99,0.72,0.89,1.54,0.80,Çerçevelik
"83,667","1,120.47",429.26,248.97,"84,635",326.39,0.81,0.99,0.73,0.84,1.72,0.76,Çerçevelik
"95,640","1,169.55",431.19,283.39,"96,803",348.96,0.75,0.99,0.74,0.88,1.52,0.81,Çerçevelik
"88,746","1,118.47",427.40,264.90,"89,419",336.15,0.78,0.99,0.72,0.89,1.61,0.79,Çerçevelik
"65,545",968.76,366.60,228.94,"66,306",288.88,0.78,0.99,0.69,0.88,1.60,0.79,Çerçevelik
"60,897",944.86,374.78,207.10,"61,476",278.45,0.83,0.99,0.67,0.86,1.81,0.74,Çerçevelik
"72,207","1,059.36",427.19,216.07,"73,179",303.21,0.86,0.99,0.64,0.81,1.98,0.71,Çerçevelik
"74,251","1,028.81",399.18,237.67,"74,810",307.47,0.80,0.99,0.74,0.88,1.68,0.77,Çerçevelik
"76,461","1,109.19",441.95,221.24,"77,634",312.01,0.87,0.98,0.74,0.78,2.00,0.71,Çerçevelik
"97,849","1,211.08",476.57,262.39,"98,653",352.97,0.83,0.99,0.70,0.84,1.82,0.74,Çerçevelik
"88,144","1,131.46",433.79,259.87,"88,901",335.01,0.80,0.99,0.74,0.87,1.67,0.77,Çerçevelik
"83,418","1,109.60",425.49,250.22,"84,333",325.90,0.81,0.99,0.71,0.85,1.70,0.77,Çerçevelik
"76,833","1,100.08",444.22,220.69,"77,566",312.77,0.87,0.99,0.61,0.80,2.01,0.70,Çerçevelik
"93,040","1,184.38",461.37,259.42,"94,143",344.18,0.83,0.99,0.70,0.83,1.78,0.75,Çerçevelik
"75,275","1,054.83",408.85,236.01,"76,178",309.59,0.82,0.99,0.69,0.85,1.73,0.76,Çerçevelik
"92,478","1,155.05",442.27,266.98,"93,163",343.14,0.80,0.99,0.74,0.87,1.66,0.78,Çerçevelik
"89,661","1,158.26",460.99,248.29,"90,435",337.88,0.84,0.99,0.69,0.84,1.86,0.73,Çerçevelik
"71,792","1,028.77",402.36,228.48,"72,478",302.34,0.82,0.99,0.75,0.85,1.76,0.75,Çerçevelik
"76,934","1,061.60",407.92,241.04,"77,995",312.98,0.81,0.99,0.74,0.86,1.69,0.77,Çerçevelik
"77,916","1,108.70",453.88,219.12,"78,662",314.97,0.88,0.99,0.71,0.80,2.07,0.69,Çerçevelik
"70,878","1,156.59",419.77,217.00,"71,932",300.41,0.86,0.99,0.74,0.67,1.93,0.72,Çerçevelik
"90,072","1,172.80",467.61,245.99,"90,812",338.65,0.85,0.99,0.70,0.82,1.90,0.72,Çerçevelik
"96,035","1,238.98",479.55,257.00,"97,427",349.68,0.84,0.99,0.73,0.79,1.87,0.73,Çerçevelik
"69,671","1,035.34",415.39,214.16,"70,211",297.84,0.86,0.99,0.68,0.82,1.94,0.72,Çerçevelik
"78,626","1,098.45",444.21,225.88,"79,265",316.40,0.86,0.99,0.64,0.82,1.97,0.71,Çerçevelik
"67,781",997.06,387.43,223.73,"68,501",293.77,0.82,0.99,0.73,0.86,1.73,0.76,Çerçevelik
"73,917","1,039.70",408.30,231.15,"74,630",306.78,0.82,0.99,0.75,0.86,1.77,0.75,Çerçevelik
"69,520","1,027.51",413.31,214.90,"70,205",297.52,0.85,0.99,0.76,0.83,1.92,0.72,Çerçevelik
"89,376","1,159.08",456.42,250.26,"90,176",337.34,0.84,0.99,0.73,0.84,1.82,0.74,Çerçevelik
"77,103","1,088.57",439.94,224.12,"77,709",313.32,0.86,0.99,0.75,0.82,1.96,0.71,Çerçevelik
"73,600","1,044.54",407.64,230.10,"74,173",306.12,0.83,0.99,0.68,0.85,1.77,0.75,Çerçevelik
"79,175","1,134.73",465.27,218.17,"80,151",317.50,0.88,0.99,0.68,0.77,2.13,0.68,Çerçevelik
"62,922",974.83,374.20,216.13,"63,824",283.05,0.82,0.99,0.76,0.83,1.73,0.76,Çerçevelik
"75,667","1,056.94",413.92,233.59,"76,369",310.39,0.83,0.99,0.73,0.85,1.77,0.75,Çerçevelik
"93,178","1,124.78",405.64,293.47,"93,976",344.44,0.69,0.99,0.78,0.93,1.38,0.85,Çerçevelik
"75,094","1,106.91",453.50,211.28,"75,867",309.21,0.88,0.99,0.61,0.77,2.15,0.68,Çerçevelik
"81,442","1,099.38",422.14,247.28,"82,246",322.02,0.81,0.99,0.70,0.85,1.71,0.76,Çerçevelik
"86,749","1,130.94",438.61,252.91,"87,570",332.34,0.82,0.99,0.73,0.85,1.73,0.76,Çerçevelik
"77,291","1,080.50",423.15,234.46,"78,315",313.70,0.83,0.99,0.66,0.83,1.80,0.74,Çerçevelik
"65,321",993.85,387.48,215.59,"65,969",288.39,0.83,0.99,0.68,0.83,1.80,0.74,Çerçevelik
"75,998","1,075.00",422.84,230.28,"76,871",311.07,0.84,0.99,0.72,0.83,1.84,0.74,Çerçevelik
"82,957","1,136.56",455.20,232.66,"83,816",325.00,0.86,0.99,0.70,0.81,1.96,0.71,Çerçevelik
"79,101","1,076.60",410.18,246.49,"79,803",317.36,0.80,0.99,0.70,0.86,1.66,0.77,Çerçevelik
"65,407",997.85,397.33,210.09,"66,028",288.58,0.85,0.99,0.66,0.83,1.89,0.73,Çerçevelik
"64,587",982.27,384.98,214.90,"65,205",286.77,0.83,0.99,0.68,0.84,1.79,0.74,Çerçevelik
"87,355","1,172.48",449.85,248.31,"88,617",333.50,0.83,0.99,0.73,0.80,1.81,0.74,Çerçevelik
"68,177","1,043.83",407.36,213.84,"69,161",294.63,0.85,0.99,0.73,0.79,1.91,0.72,Çerçevelik
"73,040","1,040.01",383.86,243.02,"73,985",304.95,0.77,0.99,0.72,0.85,1.58,0.79,Çerçevelik
"75,355","1,056.03",403.35,238.77,"75,985",309.75,0.81,0.99,0.75,0.85,1.69,0.77,Çerçevelik
"70,129","1,089.12",422.12,212.89,"71,515",298.82,0.86,0.98,0.62,0.74,1.98,0.71,Çerçevelik
"83,987","1,162.97",448.64,239.78,"85,055",327.01,0.85,0.99,0.67,0.78,1.87,0.73,Çerçevelik
"85,020","1,146.01",453.36,239.26,"85,812",329.01,0.85,0.99,0.70,0.81,1.89,0.73,Çerçevelik
"71,069","1,053.78",424.09,214.33,"71,801",300.81,0.86,0.99,0.76,0.80,1.98,0.71,Çerçevelik
"92,549","1,178.69",455.44,259.11,"93,333",343.27,0.82,0.99,0.71,0.84,1.76,0.75,Çerçevelik
"84,726","1,104.50",402.31,269.57,"85,740",328.45,0.74,0.99,0.74,0.87,1.49,0.82,Çerçevelik
"72,430","1,082.30",443.25,209.20,"73,096",303.68,0.88,0.99,0.75,0.78,2.12,0.69,Çerçevelik
"68,805","1,048.51",427.25,205.89,"69,472",295.98,0.88,0.99,0.78,0.79,2.08,0.69,Çerçevelik
"80,417","1,100.40",430.13,238.72,"81,092",319.98,0.83,0.99,0.75,0.83,1.80,0.74,Çerçevelik
"81,646","1,111.51",441.58,236.26,"82,306",322.42,0.84,0.99,0.65,0.83,1.87,0.73,Çerçevelik
"64,005",970.52,374.16,218.57,"64,565",285.47,0.81,0.99,0.74,0.85,1.71,0.76,Çerçevelik
"75,226","1,102.41",435.49,220.52,"76,017",309.48,0.86,0.99,0.68,0.78,1.97,0.71,Çerçevelik
"91,739","1,153.29",436.76,268.48,"92,863",341.77,0.79,0.99,0.73,0.87,1.63,0.78,Çerçevelik
"65,739",999.65,394.77,212.90,"66,429",289.31,0.84,0.99,0.65,0.83,1.85,0.73,Çerçevelik
"92,851","1,194.48",458.92,260.63,"94,170",343.83,0.82,0.99,0.76,0.82,1.76,0.75,Çerçevelik
"81,348","1,116.68",440.98,236.20,"82,610",321.83,0.84,0.98,0.65,0.82,1.87,0.73,Çerçevelik
"73,428","1,040.18",396.18,236.97,"74,075",305.76,0.80,0.99,0.74,0.85,1.67,0.77,Çerçevelik
"67,736",990.20,366.08,237.09,"68,405",293.67,0.76,0.99,0.73,0.87,1.54,0.80,Çerçevelik
"65,139",995.20,383.82,217.73,"65,790",287.99,0.82,0.99,0.73,0.83,1.76,0.75,Çerçevelik
"96,587","1,202.18",477.36,258.33,"97,232",350.68,0.84,0.99,0.65,0.84,1.85,0.73,Çerçevelik
"60,544",957.50,366.51,212.33,"61,459",277.65,0.82,0.99,0.73,0.83,1.73,0.76,Çerçevelik
"85,332","1,132.10",442.49,246.23,"86,079",329.62,0.83,0.99,0.67,0.84,1.80,0.74,Çerçevelik
"62,862",978.51,376.26,213.00,"63,538",282.91,0.82,0.99,0.68,0.83,1.77,0.75,Çerçevelik
"59,680",914.11,349.22,218.29,"60,057",275.66,0.78,0.99,0.72,0.90,1.60,0.79,Çerçevelik
"88,735","1,148.03",435.27,260.13,"89,694",336.13,0.80,0.99,0.73,0.85,1.67,0.77,Çerçevelik
"69,735","1,012.12",394.78,226.26,"70,498",297.98,0.82,0.99,0.76,0.86,1.74,0.75,Çerçevelik
"63,196",988.10,389.32,208.49,"64,142",283.66,0.84,0.99,0.69,0.81,1.87,0.73,Çerçevelik
"90,274","1,128.66",422.26,273.17,"90,999",339.03,0.76,0.99,0.72,0.89,1.55,0.80,Çerçevelik
"85,506","1,126.43",435.65,251.69,"86,268",329.95,0.82,0.99,0.74,0.85,1.73,0.76,Çerçevelik
"96,580","1,213.31",464.00,266.13,"97,873",350.67,0.82,0.99,0.74,0.82,1.74,0.76,Çerçevelik
"69,598","1,025.30",396.69,225.24,"70,469",297.68,0.82,0.99,0.66,0.83,1.76,0.75,Çerçevelik
"81,458","1,131.13",432.67,242.53,"83,163",322.05,0.83,0.98,0.70,0.80,1.78,0.74,Çerçevelik
"87,646","1,175.70",469.67,238.60,"88,681",334.06,0.86,0.99,0.69,0.80,1.97,0.71,Çerçevelik
"79,453","1,106.57",414.40,246.10,"80,425",318.06,0.80,0.99,0.71,0.82,1.68,0.77,Çerçevelik
"93,462","1,218.89",489.07,244.93,"94,541",344.96,0.87,0.99,0.70,0.79,2.00,0.71,Çerçevelik
"70,804","1,077.83",425.07,212.91,"71,696",300.25,0.87,0.99,0.73,0.77,2.00,0.71,Çerçevelik
"80,857","1,114.86",429.94,240.69,"81,791",320.86,0.83,0.99,0.68,0.82,1.79,0.75,Çerçevelik
"71,451","1,077.81",422.76,216.58,"72,414",301.62,0.86,0.99,0.64,0.77,1.95,0.71,Çerçevelik
"79,094","1,067.39",391.12,257.91,"79,802",317.34,0.75,0.99,0.75,0.87,1.52,0.81,Çerçevelik
"56,944",910.13,329.97,221.68,"57,727",269.26,0.74,0.99,0.71,0.86,1.49,0.82,Çerçevelik
"94,685","1,284.10",533.15,227.47,"95,896",347.21,0.90,0.99,0.74,0.72,2.34,0.65,Çerçevelik
"72,908","1,069.88",399.45,233.61,"73,961",304.68,0.81,0.99,0.69,0.80,1.71,0.76,Çerçevelik
"69,209","1,020.57",395.27,223.73,"69,893",296.85,0.82,0.99,0.73,0.84,1.77,0.75,Çerçevelik
"76,009","1,099.03",445.13,217.93,"76,742",311.09,0.87,0.99,0.75,0.79,2.04,0.70,Çerçevelik
"85,234","1,136.95",441.59,246.72,"86,124",329.43,0.83,0.99,0.70,0.83,1.79,0.75,Çerçevelik
"73,570","1,068.21",390.54,241.32,"74,861",306.06,0.79,0.98,0.75,0.81,1.62,0.78,Çerçevelik
"71,929","1,071.33",415.53,221.60,"72,983",302.63,0.85,0.99,0.70,0.79,1.88,0.73,Çerçevelik
"85,227","1,147.99",439.88,247.36,"85,996",329.42,0.83,0.99,0.72,0.81,1.78,0.75,Çerçevelik
"88,100","1,229.95",486.02,232.54,"89,709",334.92,0.88,0.98,0.72,0.73,2.09,0.69,Çerçevelik
"99,691","1,248.73",493.43,258.13,"100,898",356.27,0.85,0.99,0.64,0.80,1.91,0.72,Çerçevelik
"67,728","1,067.78",427.94,204.11,"68,603",293.66,0.88,0.99,0.64,0.75,2.10,0.69,Çerçevelik
"74,399","1,058.17",415.77,228.34,"75,164",307.78,0.84,0.99,0.66,0.84,1.82,0.74,Çerçevelik
"82,501","1,144.37",450.50,234.10,"83,589",324.10,0.85,0.99,0.74,0.79,1.92,0.72,Çerçevelik
"88,264","1,153.33",454.59,248.87,"89,198",335.23,0.84,0.99,0.64,0.83,1.83,0.74,Çerçevelik
"57,933",904.08,334.19,222.88,"58,748",271.59,0.75,0.99,0.72,0.89,1.50,0.81,Çerçevelik
"84,227","1,116.77",432.32,249.14,"85,078",327.48,0.82,0.99,0.67,0.85,1.74,0.76,Çerçevelik
"63,415",944.65,355.47,227.77,"63,956",284.15,0.77,0.99,0.74,0.89,1.56,0.80,Çerçevelik
"74,091","1,072.73",421.24,225.98,"75,124",307.14,0.84,0.99,0.64,0.81,1.86,0.73,Çerçevelik
"90,880","1,166.44",443.12,262.64,"91,957",340.16,0.81,0.99,0.71,0.84,1.69,0.77,Çerçevelik
"105,853","1,234.63",469.30,288.68,"106,944",367.12,0.79,0.99,0.73,0.87,1.63,0.78,Çerçevelik
"79,959","1,138.75",447.67,228.30,"81,515",319.07,0.86,0.98,0.74,0.77,1.96,0.71,Çerçevelik
"96,500","1,180.35",447.58,276.08,"97,396",350.52,0.79,0.99,0.73,0.87,1.62,0.78,Çerçevelik
"79,015","1,065.74",407.91,247.59,"79,705",317.18,0.79,0.99,0.72,0.87,1.65,0.78,Çerçevelik
"78,423","1,100.14",441.69,227.02,"79,209",315.99,0.86,0.99,0.71,0.81,1.95,0.72,Çerçevelik
"79,066","1,037.36",378.77,266.55,"79,616",317.29,0.71,0.99,0.78,0.92,1.42,0.84,Çerçevelik
"58,242",908.05,347.59,214.08,"58,711",272.32,0.79,0.99,0.72,0.89,1.62,0.78,Çerçevelik
"84,726","1,133.01",455.71,237.87,"85,348",328.45,0.85,0.99,0.74,0.83,1.92,0.72,Çerçevelik
"77,944","1,072.15",426.58,233.71,"78,432",315.03,0.84,0.99,0.67,0.85,1.83,0.74,Çerçevelik
"87,034","1,162.09",470.04,237.04,"88,251",332.89,0.86,0.99,0.76,0.81,1.98,0.71,Çerçevelik
"87,735","1,170.77",470.96,237.98,"88,716",334.23,0.86,0.99,0.74,0.80,1.98,0.71,Çerçevelik
"59,905",938.39,364.16,210.15,"60,595",276.18,0.82,0.99,0.75,0.85,1.73,0.76,Çerçevelik
"57,012",906.56,343.19,213.55,"57,758",269.43,0.78,0.99,0.69,0.87,1.61,0.79,Çerçevelik
"86,429","1,116.46",429.95,257.06,"87,142",331.73,0.80,0.99,0.74,0.87,1.67,0.77,Çerçevelik
"95,746","1,196.39",468.37,260.96,"96,617",349.15,0.83,0.99,0.73,0.84,1.79,0.75,Çerçevelik
"93,850","1,199.22",473.80,253.72,"94,937",345.68,0.84,0.99,0.66,0.82,1.87,0.73,Çerçevelik
"84,985","1,117.92",436.45,248.69,"85,688",328.95,0.82,0.99,0.71,0.85,1.76,0.75,Çerçevelik
"63,711",975.10,382.70,212.72,"64,491",284.81,0.83,0.99,0.66,0.84,1.80,0.74,Çerçevelik
"63,873",970.90,380.67,214.37,"64,512",285.18,0.83,0.99,0.74,0.85,1.78,0.75,Çerçevelik
"89,789","1,169.83",461.90,248.83,"90,826",338.12,0.84,0.99,0.73,0.82,1.86,0.73,Çerçevelik
"69,296","1,032.32",415.70,213.02,"69,882",297.04,0.86,0.99,0.65,0.82,1.95,0.71,Çerçevelik
"80,926","1,091.81",422.70,245.29,"81,729",321.00,0.81,0.99,0.72,0.85,1.72,0.76,Çerçevelik
"72,365","1,060.96",427.39,216.24,"73,058",303.54,0.86,0.99,0.63,0.81,1.98,0.71,Çerçevelik
"70,303","1,039.03",418.01,215.59,"70,885",299.19,0.86,0.99,0.65,0.82,1.94,0.72,Çerçevelik
"75,768","1,072.19",424.65,228.77,"76,658",310.60,0.84,0.99,0.67,0.83,1.86,0.73,Çerçevelik
"74,979","1,085.88",429.57,223.23,"76,034",308.98,0.85,0.99,0.68,0.80,1.92,0.72,Çerçevelik
"80,741","1,127.93",456.96,226.87,"81,774",320.63,0.87,0.99,0.69,0.80,2.01,0.70,Çerçevelik
"55,858",899.53,347.43,205.95,"56,394",266.68,0.81,0.99,0.71,0.87,1.69,0.77,Çerçevelik
"84,922","1,104.95",419.60,258.78,"85,609",328.83,0.79,0.99,0.71,0.87,1.62,0.78,Çerçevelik
"86,416","1,136.31",442.49,249.67,"87,440",331.71,0.83,0.99,0.69,0.84,1.77,0.75,Çerçevelik
"71,247","1,040.02",410.62,222.15,"72,077",301.19,0.84,0.99,0.70,0.83,1.85,0.73,Çerçevelik
"78,327","1,118.25",456.78,219.23,"79,180",315.80,0.88,0.99,0.73,0.79,2.08,0.69,Çerçevelik
"82,864","1,137.37",455.14,233.27,"83,647",324.82,0.86,0.99,0.73,0.81,1.95,0.71,Çerçevelik
"66,728","1,006.81",400.85,213.20,"67,373",291.48,0.85,0.99,0.72,0.83,1.88,0.73,Çerçevelik
"83,862","1,122.35",439.52,243.74,"84,730",326.77,0.83,0.99,0.67,0.84,1.80,0.74,Çerçevelik
"75,197","1,071.95",425.90,225.52,"75,890",309.42,0.85,0.99,0.74,0.82,1.89,0.73,Çerçevelik
"72,307","1,043.63",408.16,226.29,"72,918",303.42,0.83,0.99,0.67,0.83,1.80,0.74,Çerçevelik
"55,879",918.36,353.19,203.15,"56,514",266.73,0.82,0.99,0.68,0.83,1.74,0.76,Çerçevelik
"67,879",999.95,378.06,230.22,"68,541",293.98,0.79,0.99,0.74,0.85,1.64,0.78,Çerçevelik
"78,351","1,106.41",437.99,228.27,"79,359",315.85,0.85,0.99,0.74,0.80,1.92,0.72,Çerçevelik
"73,178","1,032.16",398.06,234.78,"73,831",305.24,0.81,0.99,0.69,0.86,1.70,0.77,Çerçevelik
"71,802","1,033.31",390.49,235.19,"72,633",302.36,0.80,0.99,0.72,0.85,1.66,0.77,Çerçevelik
"91,385","1,167.89",457.46,255.10,"92,482",341.11,0.83,0.99,0.72,0.84,1.79,0.75,Çerçevelik
"84,810","1,213.23",505.62,214.86,"86,020",328.61,0.91,0.99,0.55,0.72,2.35,0.65,Çerçevelik
"86,159","1,153.71",444.88,248.01,"87,338",331.21,0.83,0.99,0.67,0.81,1.79,0.74,Çerçevelik
"70,809","1,046.81",410.04,220.72,"71,756",300.26,0.84,0.99,0.72,0.81,1.86,0.73,Çerçevelik
"100,266","1,207.94",456.87,279.93,"101,252",357.30,0.79,0.99,0.71,0.86,1.63,0.78,Çerçevelik
"75,143","1,032.37",397.21,241.38,"75,724",309.31,0.79,0.99,0.74,0.89,1.65,0.78,Çerçevelik
"59,729",935.05,351.28,217.64,"60,476",275.77,0.78,0.99,0.71,0.86,1.61,0.79,Çerçevelik
"64,253",984.32,389.29,211.23,"65,069",286.02,0.84,0.99,0.73,0.83,1.84,0.73,Çerçevelik
"87,044","1,125.88",423.93,262.86,"87,868",332.91,0.78,0.99,0.72,0.86,1.61,0.79,Çerçevelik
"75,453","1,078.56",420.18,229.63,"76,491",309.95,0.84,0.99,0.65,0.82,1.83,0.74,Çerçevelik
"72,370","1,055.12",418.50,221.10,"73,405",303.55,0.85,0.99,0.64,0.82,1.89,0.73,Çerçevelik
"88,653","1,119.89",420.84,269.73,"89,471",335.97,0.77,0.99,0.71,0.89,1.56,0.80,Çerçevelik
"91,690","1,168.46",454.03,257.90,"92,579",341.68,0.82,0.99,0.72,0.84,1.76,0.75,Çerçevelik
"97,938","1,198.16",467.83,268.07,"98,900",353.13,0.82,0.99,0.68,0.86,1.75,0.75,Çerçevelik
"103,519","1,246.48",484.04,273.04,"104,591",363.05,0.83,0.99,0.69,0.84,1.77,0.75,Çerçevelik
"84,348","1,115.33",439.85,244.57,"85,024",327.71,0.83,0.99,0.73,0.85,1.80,0.75,Çerçevelik
"65,624",995.30,393.29,213.12,"66,348",289.06,0.84,0.99,0.76,0.83,1.85,0.74,Çerçevelik
"102,990","1,288.83",517.19,255.00,"104,350",362.12,0.87,0.99,0.61,0.78,2.03,0.70,Çerçevelik
"80,153","1,097.81",438.91,233.09,"80,755",319.46,0.85,0.99,0.70,0.84,1.88,0.73,Çerçevelik
"72,800","1,039.77",412.77,225.18,"73,462",304.45,0.84,0.99,0.67,0.85,1.83,0.74,Çerçevelik
"92,713","1,204.68",485.32,244.38,"93,717",343.58,0.86,0.99,0.75,0.80,1.99,0.71,Çerçevelik
"74,371","1,093.66",443.55,215.23,"75,380",307.72,0.87,0.99,0.72,0.78,2.06,0.69,Çerçevelik
"74,028","1,063.29",422.67,224.28,"74,635",307.01,0.85,0.99,0.72,0.82,1.88,0.73,Çerçevelik
"73,470","1,048.55",419.02,223.75,"74,086",305.85,0.85,0.99,0.74,0.84,1.87,0.73,Çerçevelik
"72,864","1,032.77",399.55,232.96,"73,463",304.59,0.81,0.99,0.70,0.86,1.72,0.76,Çerçevelik
"98,628","1,204.17",460.73,273.93,"99,602",354.37,0.80,0.99,0.72,0.85,1.68,0.77,Çerçevelik
"62,557",985.76,400.69,199.09,"63,163",282.22,0.87,0.99,0.61,0.81,2.01,0.70,Çerçevelik
"76,848","1,042.81",393.88,248.88,"77,474",312.80,0.78,0.99,0.75,0.89,1.58,0.79,Çerçevelik
"80,184","1,083.69",422.71,242.29,"80,947",319.52,0.82,0.99,0.73,0.86,1.74,0.76,Çerçevelik
"71,962","1,062.12",422.12,218.87,"72,590",302.70,0.86,0.99,0.71,0.80,1.93,0.72,Çerçevelik
"91,158","1,164.48",456.37,254.99,"91,932",340.68,0.83,0.99,0.68,0.84,1.79,0.75,Çerçevelik
"73,288","1,020.90",385.19,243.47,"74,070",305.47,0.77,0.99,0.74,0.88,1.58,0.79,Çerçevelik
"59,113",921.90,356.59,211.59,"59,565",274.34,0.80,0.99,0.73,0.87,1.69,0.77,Çerçevelik
"90,489","1,180.43",468.91,247.28,"91,352",339.43,0.85,0.99,0.72,0.82,1.90,0.72,Çerçevelik
"87,843","1,149.76",454.64,248.01,"88,895",334.43,0.84,0.99,0.73,0.84,1.83,0.74,Çerçevelik
"95,725","1,212.27",480.44,255.94,"96,842",349.11,0.85,0.99,0.68,0.82,1.88,0.73,Çerçevelik
"79,055","1,102.70",441.70,229.09,"79,810",317.26,0.86,0.99,0.63,0.82,1.93,0.72,Çerçevelik
"83,607","1,129.06",443.07,241.10,"84,452",326.27,0.84,0.99,0.69,0.82,1.84,0.74,Çerçevelik
"74,217","1,086.72",425.36,222.58,"75,044",307.40,0.85,0.99,0.74,0.79,1.91,0.72,Çerçevelik
"84,099","1,156.97",469.01,230.22,"84,751",327.23,0.87,0.99,0.72,0.79,2.04,0.70,Çerçevelik
"74,717","1,094.61",440.84,216.20,"75,451",308.44,0.87,0.99,0.72,0.78,2.04,0.70,Çerçevelik
"72,433","1,082.51",440.82,210.39,"73,140",303.69,0.88,0.99,0.73,0.78,2.10,0.69,Çerçevelik
"64,691",994.61,388.42,213.56,"65,473",287.00,0.84,0.99,0.69,0.82,1.82,0.74,Çerçevelik
"70,357","1,021.86",402.98,222.62,"70,876",299.30,0.83,0.99,0.77,0.85,1.81,0.74,Çerçevelik
"70,648","1,083.97",446.42,202.22,"71,749",299.92,0.89,0.98,0.58,0.76,2.21,0.67,Çerçevelik
"101,604","1,218.64",467.88,277.03,"102,438",359.68,0.81,0.99,0.75,0.86,1.69,0.77,Çerçevelik
"82,225","1,072.58",392.36,267.37,"82,951",323.56,0.73,0.99,0.75,0.90,1.47,0.82,Çerçevelik
"90,332","1,164.36",452.32,255.23,"91,395",339.14,0.83,0.99,0.67,0.84,1.77,0.75,Çerçevelik
"77,669","1,061.19",400.90,248.09,"78,499",314.47,0.79,0.99,0.73,0.87,1.62,0.78,Çerçevelik
"82,714","1,110.89",424.87,249.01,"83,533",324.52,0.81,0.99,0.74,0.84,1.71,0.76,Çerçevelik
"90,502","1,156.47",441.85,261.73,"91,383",339.46,0.81,0.99,0.70,0.85,1.69,0.77,Çerçevelik
"96,554","1,214.06",475.05,259.70,"97,465",350.62,0.84,0.99,0.67,0.82,1.83,0.74,Çerçevelik
"64,911",987.25,388.95,213.65,"65,609",287.48,0.84,0.99,0.73,0.84,1.82,0.74,Çerçevelik
"67,668","1,007.85",391.72,220.52,"68,367",293.53,0.83,0.99,0.75,0.84,1.78,0.75,Çerçevelik
"68,713","1,027.71",401.25,218.92,"69,503",295.78,0.84,0.99,0.69,0.82,1.83,0.74,Çerçevelik
"92,239","1,213.79",484.27,245.47,"93,341",342.70,0.86,0.99,0.70,0.79,1.97,0.71,Çerçevelik
"68,104","1,023.06",387.10,225.84,"68,988",294.47,0.81,0.99,0.74,0.82,1.71,0.76,Çerçevelik
"74,990","1,086.55",439.52,217.90,"75,772",309.00,0.87,0.99,0.67,0.80,2.02,0.70,Çerçevelik
"82,106","1,118.25",449.41,232.94,"82,725",323.33,0.86,0.99,0.76,0.83,1.93,0.72,Çerçevelik
"92,227","1,205.53",481.62,245.72,"93,202",342.68,0.86,0.99,0.70,0.80,1.96,0.71,Çerçevelik
"86,344","1,164.48",472.96,233.39,"87,249",331.57,0.87,0.99,0.72,0.80,2.03,0.70,Çerçevelik
"84,930","1,124.79",436.09,248.94,"85,806",328.84,0.82,0.99,0.67,0.84,1.75,0.75,Çerçevelik
"84,565","1,178.59",485.32,224.52,"85,993",328.13,0.89,0.98,0.73,0.77,2.16,0.68,Çerçevelik
"78,479","1,080.81",406.19,247.54,"79,498",316.11,0.79,0.99,0.70,0.84,1.64,0.78,Çerçevelik
"75,821","1,047.36",405.74,238.54,"76,475",310.71,0.81,0.99,0.73,0.87,1.70,0.77,Çerçevelik
"65,594","1,017.75",408.56,205.43,"66,341",288.99,0.86,0.99,0.66,0.80,1.99,0.71,Çerçevelik
"66,242",994.03,388.00,218.34,"67,004",290.42,0.83,0.99,0.68,0.84,1.78,0.75,Çerçevelik
"65,981",959.58,355.67,236.84,"66,749",289.84,0.75,0.99,0.74,0.90,1.50,0.81,Çerçevelik
"72,410","1,007.46",379.78,243.43,"73,020",303.64,0.77,0.99,0.75,0.90,1.56,0.80,Çerçevelik
"88,750","1,120.58",422.08,269.03,"89,741",336.15,0.77,0.99,0.73,0.89,1.57,0.80,Çerçevelik
"57,041",914.68,346.69,210.97,"57,939",269.49,0.79,0.98,0.71,0.86,1.64,0.78,Çerçevelik
"87,086","1,154.44",453.36,245.41,"87,893",332.99,0.84,0.99,0.72,0.82,1.85,0.73,Çerçevelik
"73,040","1,027.64",391.28,239.07,"73,870",304.95,0.79,0.99,0.73,0.87,1.64,0.78,Çerçevelik
"73,152","1,065.50",423.93,220.73,"73,949",305.19,0.85,0.99,0.62,0.81,1.92,0.72,Çerçevelik
"69,181",998.68,383.58,231.01,"69,895",296.79,0.80,0.99,0.72,0.87,1.66,0.77,Çerçevelik
"69,547","1,034.51",403.85,221.70,"70,769",297.57,0.84,0.98,0.71,0.82,1.82,0.74,Çerçevelik
"76,356","1,052.42",397.63,246.80,"77,341",311.80,0.78,0.99,0.69,0.87,1.61,0.78,Çerçevelik
"71,191","1,013.24",393.35,231.28,"71,813",301.07,0.81,0.99,0.68,0.87,1.70,0.77,Çerçevelik
"61,589",989.15,389.23,203.10,"62,939",280.03,0.85,0.98,0.62,0.79,1.92,0.72,Çerçevelik
"96,802","1,217.71",488.04,253.23,"97,548",351.07,0.85,0.99,0.68,0.82,1.93,0.72,Çerçevelik
"80,207","1,100.06",426.82,239.92,"81,076",319.57,0.83,0.99,0.73,0.83,1.78,0.75,Çerçevelik
"79,661","1,129.34",444.12,230.44,"80,966",318.48,0.85,0.98,0.71,0.78,1.93,0.72,Çerçevelik
"85,778","1,159.58",434.14,255.11,"87,489",330.48,0.81,0.98,0.66,0.80,1.70,0.76,Çerçevelik
"91,162","1,195.96",479.11,242.96,"92,074",340.69,0.86,0.99,0.64,0.80,1.97,0.71,Çerçevelik
"84,130","1,126.56",447.37,241.22,"84,737",327.29,0.84,0.99,0.75,0.83,1.85,0.73,Çerçevelik
"71,468","1,032.15",405.05,226.06,"72,145",301.66,0.83,0.99,0.71,0.84,1.79,0.74,Çerçevelik
"85,968","1,168.74",479.16,229.23,"87,008",330.84,0.88,0.99,0.75,0.79,2.09,0.69,Çerçevelik
"75,155","1,060.38",420.50,228.57,"75,805",309.34,0.84,0.99,0.65,0.84,1.84,0.74,Çerçevelik
"85,845","1,146.84",448.29,246.66,"86,787",330.61,0.84,0.99,0.69,0.82,1.82,0.74,Çerçevelik
"103,124","1,266.60",512.66,257.32,"104,002",362.36,0.86,0.99,0.65,0.81,1.99,0.71,Çerçevelik
"82,804","1,112.39",434.96,243.26,"83,603",324.70,0.83,0.99,0.69,0.84,1.79,0.75,Çerçevelik
"102,947","1,272.42",485.88,271.26,"104,560",362.04,0.83,0.98,0.67,0.80,1.79,0.75,Çerçevelik
"72,519","1,041.23",413.27,224.10,"73,130",303.87,0.84,0.99,0.69,0.84,1.84,0.74,Çerçevelik
"90,535","1,163.81",450.51,258.12,"91,927",339.52,0.82,0.98,0.75,0.84,1.75,0.75,Çerçevelik
"83,512","1,077.15",405.15,262.81,"84,085",326.08,0.76,0.99,0.76,0.90,1.54,0.80,Çerçevelik
"87,169","1,142.49",438.48,254.63,"87,929",333.15,0.81,0.99,0.73,0.84,1.72,0.76,Çerçevelik
"75,885","1,061.52",410.04,236.93,"76,562",310.84,0.82,0.99,0.75,0.85,1.73,0.76,Çerçevelik
"86,861","1,111.04",416.79,266.88,"87,868",332.56,0.77,0.99,0.71,0.88,1.56,0.80,Çerçevelik
"95,914","1,203.48",468.41,269.26,"98,178",349.46,0.82,0.98,0.74,0.83,1.74,0.75,Çerçevelik
"73,662","1,050.08",407.47,231.41,"74,267",306.25,0.82,0.99,0.68,0.84,1.76,0.75,Çerçevelik
"75,340","1,051.11",396.57,242.82,"76,130",309.72,0.79,0.99,0.74,0.86,1.63,0.78,Çerçevelik
"71,306","1,059.48",416.14,219.51,"72,049",301.31,0.85,0.99,0.73,0.80,1.90,0.72,Çerçevelik
"78,249","1,094.31",422.07,239.80,"79,377",315.64,0.82,0.99,0.67,0.82,1.76,0.75,Çerçevelik
"85,386","1,138.19",438.27,248.85,"86,282",329.72,0.82,0.99,0.71,0.83,1.76,0.75,Çerçevelik
"81,531","1,145.80",458.47,227.78,"82,479",322.19,0.87,0.99,0.77,0.78,2.01,0.70,Çerçevelik
"80,105","1,128.59",452.38,225.93,"80,976",319.36,0.87,0.99,0.61,0.79,2.00,0.71,Çerçevelik
"63,117",991.85,398.97,202.24,"63,647",283.48,0.86,0.99,0.70,0.81,1.97,0.71,Çerçevelik
"75,824","1,079.87",424.33,228.53,"76,700",310.71,0.84,0.99,0.64,0.82,1.86,0.73,Çerçevelik
"82,959","1,137.98",454.33,234.77,"83,835",325.00,0.86,0.99,0.69,0.81,1.94,0.72,Çerçevelik
"70,952","1,060.15",422.91,214.17,"71,667",300.56,0.86,0.99,0.63,0.79,1.97,0.71,Çerçevelik
"71,503","1,050.59",416.38,220.43,"72,468",301.73,0.85,0.99,0.71,0.81,1.89,0.72,Çerçevelik
"98,177","1,266.07",510.24,246.43,"99,550",353.56,0.88,0.99,0.62,0.77,2.07,0.69,Çerçevelik
"89,393","1,161.56",445.71,258.27,"90,729",337.37,0.82,0.99,0.68,0.83,1.73,0.76,Çerçevelik
"99,852","1,253.11",505.28,252.78,"100,725",356.56,0.87,0.99,0.73,0.80,2.00,0.71,Çerçevelik
"92,541","1,171.76",464.07,254.93,"93,348",343.26,0.84,0.99,0.73,0.85,1.82,0.74,Çerçevelik
"71,747","1,039.35",410.19,223.39,"72,431",302.24,0.84,0.99,0.74,0.83,1.84,0.74,Çerçevelik
"66,407",981.30,371.47,228.87,"67,132",290.78,0.79,0.99,0.72,0.87,1.62,0.78,Çerçevelik
"76,030","1,092.94",436.16,222.77,"77,151",311.13,0.86,0.99,0.71,0.80,1.96,0.71,Çerçevelik
"75,106","1,102.15",454.70,211.18,"75,851",309.24,0.89,0.99,0.76,0.78,2.15,0.68,Çerçevelik
"66,709","1,015.32",405.16,211.15,"67,431",291.44,0.85,0.99,0.72,0.81,1.92,0.72,Çerçevelik
"67,568",987.23,381.76,226.34,"68,124",293.31,0.81,0.99,0.74,0.87,1.69,0.77,Çerçevelik
"66,198","1,011.87",415.46,203.51,"66,773",290.32,0.87,0.99,0.64,0.81,2.04,0.70,Çerçevelik
"65,804",992.99,387.20,218.35,"66,911",289.46,0.83,0.98,0.65,0.84,1.77,0.75,Çerçevelik
"70,573","1,014.86",392.79,229.96,"71,377",299.76,0.81,0.99,0.68,0.86,1.71,0.76,Çerçevelik
"74,431","1,046.01",408.09,232.72,"75,075",307.84,0.82,0.99,0.67,0.85,1.75,0.75,Çerçevelik
"94,983","1,198.26",477.51,253.81,"95,906",347.76,0.85,0.99,0.73,0.83,1.88,0.73,Çerçevelik
"85,899","1,126.53",442.45,247.98,"86,772",330.71,0.83,0.99,0.73,0.85,1.78,0.75,Çerçevelik
"75,537","1,045.78",400.86,240.35,"76,235",310.12,0.80,0.99,0.71,0.87,1.67,0.77,Çerçevelik
"67,164","1,004.56",396.57,217.01,"68,319",292.43,0.84,0.98,0.75,0.84,1.83,0.74,Çerçevelik
"79,843","1,096.68",432.00,237.46,"80,638",318.84,0.84,0.99,0.74,0.83,1.82,0.74,Çerçevelik
"70,636","1,008.08",392.50,230.02,"71,177",299.89,0.81,0.99,0.73,0.87,1.71,0.76,Çerçevelik
"71,039","1,035.87",409.60,221.57,"71,766",300.75,0.84,0.99,0.71,0.83,1.85,0.73,Çerçevelik
"93,623","1,185.85",466.54,256.68,"94,492",345.26,0.84,0.99,0.67,0.84,1.82,0.74,Çerçevelik
"78,407","1,107.22",444.54,226.32,"79,262",315.96,0.86,0.99,0.72,0.80,1.96,0.71,Çerçevelik
"67,146","1,022.85",409.74,209.60,"67,903",292.39,0.86,0.99,0.68,0.81,1.95,0.71,Çerçevelik
"69,843","1,026.68",408.77,218.37,"70,810",298.21,0.85,0.99,0.64,0.83,1.87,0.73,Çerçevelik
"69,874","1,030.88",414.51,215.20,"70,445",298.27,0.85,0.99,0.63,0.83,1.93,0.72,Çerçevelik
"88,968","1,147.06",455.47,249.34,"89,671",336.57,0.84,0.99,0.74,0.85,1.83,0.74,Çerçevelik
"70,074","1,049.74",417.46,215.17,"70,814",298.70,0.86,0.99,0.63,0.80,1.94,0.72,Çerçevelik
"72,007","1,067.73",429.37,214.54,"72,908",302.79,0.87,0.99,0.64,0.79,2.00,0.71,Çerçevelik
"76,663","1,072.66",417.32,235.40,"77,341",312.43,0.83,0.99,0.73,0.84,1.77,0.75,Çerçevelik
"72,119","1,027.93",403.84,227.97,"72,707",303.03,0.83,0.99,0.74,0.86,1.77,0.75,Çerçevelik
"75,967","1,118.88",424.73,232.82,"78,044",311.01,0.84,0.97,0.76,0.76,1.82,0.73,Çerçevelik
"61,873",973.25,387.64,204.92,"62,570",280.68,0.85,0.99,0.73,0.82,1.89,0.72,Çerçevelik
"69,992","1,057.09",434.26,205.96,"70,637",298.52,0.88,0.99,0.69,0.79,2.11,0.69,Çerçevelik
"89,971","1,200.44",484.51,237.95,"91,511",338.46,0.87,0.98,0.61,0.78,2.04,0.70,Çerçevelik
"70,452","1,030.87",406.28,222.24,"71,301",299.50,0.84,0.99,0.70,0.83,1.83,0.74,Çerçevelik
"83,848","1,108.65",431.25,248.81,"84,456",326.74,0.82,0.99,0.71,0.86,1.73,0.76,Çerçevelik
"61,726",975.93,387.54,203.77,"62,541",280.34,0.85,0.99,0.76,0.81,1.90,0.72,Çerçevelik
"90,393","1,191.56",476.42,242.59,"91,357",339.25,0.86,0.99,0.62,0.80,1.96,0.71,Çerçevelik
"86,521","1,192.18",485.03,229.32,"87,686",331.91,0.88,0.99,0.70,0.77,2.12,0.68,Çerçevelik
"86,271","1,103.90",413.24,266.71,"87,011",331.43,0.76,0.99,0.74,0.89,1.55,0.80,Çerçevelik
"71,362","1,049.76",414.96,219.84,"72,526",301.43,0.85,0.98,0.65,0.81,1.89,0.73,Çerçevelik
"79,564","1,111.07",433.52,234.76,"80,291",318.28,0.84,0.99,0.73,0.81,1.85,0.73,Çerçevelik
"79,558","1,134.31",452.88,224.10,"80,460",318.27,0.87,0.99,0.74,0.78,2.02,0.70,Çerçevelik
"66,922",988.42,376.41,228.00,"67,537",291.90,0.80,0.99,0.71,0.86,1.65,0.78,Çerçevelik
"64,970","1,003.37",395.64,211.43,"65,720",287.62,0.85,0.99,0.72,0.81,1.87,0.73,Çerçevelik
"58,234",928.80,361.46,206.01,"58,772",272.30,0.82,0.99,0.69,0.85,1.75,0.75,Çerçevelik
"65,694","1,039.51",348.06,243.98,"67,364",289.21,0.71,0.98,0.69,0.76,1.43,0.83,Çerçevelik
"80,760","1,110.03",432.01,238.30,"81,503",320.67,0.83,0.99,0.66,0.82,1.81,0.74,Çerçevelik
"66,692",988.60,380.93,224.17,"67,373",291.40,0.81,0.99,0.73,0.86,1.70,0.77,Çerçevelik
"79,906","1,118.41",429.46,237.99,"80,912",318.97,0.83,0.99,0.69,0.80,1.80,0.74,Çerçevelik
"69,701","1,011.58",387.51,230.47,"70,533",297.90,0.80,0.99,0.76,0.86,1.68,0.77,Çerçevelik
"67,155",983.20,367.03,233.86,"67,762",292.41,0.77,0.99,0.78,0.87,1.57,0.80,Çerçevelik
"85,833","1,115.85",428.68,255.54,"86,492",330.58,0.80,0.99,0.75,0.87,1.68,0.77,Çerçevelik
"102,083","1,227.89",470.31,277.66,"103,009",360.52,0.81,0.99,0.70,0.85,1.69,0.77,Çerçevelik
"66,104","1,040.25",425.60,199.06,"66,778",290.11,0.88,0.99,0.69,0.77,2.14,0.68,Çerçevelik
"58,555",928.78,357.56,210.19,"59,384",273.05,0.81,0.99,0.68,0.85,1.70,0.76,Çerçevelik
"81,583","1,115.16",447.64,232.66,"82,271",322.30,0.85,0.99,0.74,0.82,1.92,0.72,Çerçevelik
"78,665","1,062.75",403.33,249.64,"79,463",316.48,0.79,0.99,0.75,0.88,1.62,0.78,Çerçevelik
"88,078","1,120.60",425.86,264.25,"88,802",334.88,0.78,0.99,0.74,0.88,1.61,0.79,Çerçevelik
"69,230","1,034.13",409.92,217.93,"70,017",296.89,0.85,0.99,0.73,0.81,1.88,0.72,Çerçevelik
"83,307","1,174.37",482.54,221.96,"84,446",325.68,0.89,0.99,0.72,0.76,2.17,0.67,Çerçevelik
"83,831","1,129.10",440.24,243.60,"84,587",326.71,0.83,0.99,0.66,0.83,1.81,0.74,Çerçevelik
"104,098","1,232.90",468.93,283.68,"105,200",364.06,0.80,0.99,0.71,0.86,1.65,0.78,Çerçevelik
"73,241","1,016.41",384.40,244.08,"73,821",305.37,0.77,0.99,0.71,0.89,1.57,0.79,Çerçevelik
"71,533","1,014.49",389.42,234.48,"72,053",301.79,0.80,0.99,0.72,0.87,1.66,0.78,Çerçevelik
"76,809","1,106.82",450.02,218.36,"78,095",312.72,0.87,0.98,0.75,0.79,2.06,0.69,Çerçevelik
"71,193","1,015.75",390.93,233.27,"71,765",301.07,0.80,0.99,0.69,0.87,1.68,0.77,Çerçevelik
"93,586","1,195.42",467.25,255.83,"94,683",345.19,0.84,0.99,0.72,0.82,1.83,0.74,Çerçevelik
"74,735","1,088.10",450.22,212.02,"75,369",308.47,0.88,0.99,0.77,0.79,2.12,0.69,Çerçevelik
"75,519","1,091.50",439.44,219.84,"76,357",310.09,0.87,0.99,0.64,0.80,2.00,0.71,Çerçevelik
"65,627",974.98,378.42,221.51,"66,278",289.07,0.81,0.99,0.75,0.87,1.71,0.76,Çerçevelik
"80,397","1,136.23",438.65,234.16,"81,828",319.94,0.85,0.98,0.69,0.78,1.87,0.73,Çerçevelik
"88,901","1,130.15",435.92,260.49,"89,632",336.44,0.80,0.99,0.73,0.87,1.67,0.77,Çerçevelik
"96,992","1,232.22",485.89,255.29,"98,214",351.42,0.85,0.99,0.71,0.80,1.90,0.72,Çerçevelik
"66,755",978.90,372.68,228.93,"67,308",291.54,0.79,0.99,0.73,0.88,1.63,0.78,Çerçevelik
"68,916",990.75,373.52,236.55,"69,497",296.22,0.77,0.99,0.73,0.88,1.58,0.79,Çerçevelik
"81,094","1,145.03",475.35,218.06,"81,833",321.33,0.89,0.99,0.59,0.78,2.18,0.68,Çerçevelik
"62,146",953.71,373.10,212.95,"62,810",281.29,0.82,0.99,0.75,0.86,1.75,0.75,Çerçevelik
"71,614","1,054.81",424.40,215.71,"72,302",301.96,0.86,0.99,0.62,0.81,1.97,0.71,Çerçevelik
"67,437","1,014.14",405.02,213.66,"68,094",293.02,0.85,0.99,0.66,0.82,1.90,0.72,Çerçevelik
"77,240","1,050.23",395.13,250.37,"77,916",313.60,0.77,0.99,0.73,0.88,1.58,0.79,Çerçevelik
"64,346",982.13,385.72,213.63,"65,000",286.23,0.83,0.99,0.73,0.84,1.81,0.74,Çerçevelik
"73,864","1,047.14",411.17,229.49,"74,691",306.67,0.83,0.99,0.75,0.85,1.79,0.75,Çerçevelik
"72,540","1,058.48",418.13,222.12,"73,637",303.91,0.85,0.99,0.64,0.81,1.88,0.73,Çerçevelik
"84,484","1,144.34",448.24,242.68,"86,046",327.98,0.84,0.98,0.73,0.81,1.85,0.73,Çerçevelik
"84,614","1,124.77",442.58,244.31,"85,361",328.23,0.83,0.99,0.67,0.84,1.81,0.74,Çerçevelik
"68,156","1,064.09",387.25,225.53,"69,811",294.58,0.81,0.98,0.66,0.76,1.72,0.76,Çerçevelik
"66,790","1,011.46",401.47,212.66,"67,557",291.62,0.85,0.99,0.75,0.82,1.89,0.73,Çerçevelik
"68,076",984.75,356.61,244.78,"69,002",294.41,0.73,0.99,0.74,0.88,1.46,0.83,Çerçevelik
"63,644",956.98,368.40,220.41,"64,256",284.66,0.80,0.99,0.75,0.87,1.67,0.77,Çerçevelik
"106,959","1,279.89",499.17,274.93,"108,018",369.03,0.83,0.99,0.73,0.82,1.82,0.74,Çerçevelik
"71,362","1,059.68",423.93,215.42,"72,505",301.43,0.86,0.98,0.71,0.80,1.97,0.71,Çerçevelik
"61,771",961.85,378.15,208.53,"62,330",280.44,0.83,0.99,0.67,0.84,1.81,0.74,Çerçevelik
"93,169","1,220.00",487.43,245.20,"94,394",344.42,0.86,0.99,0.73,0.79,1.99,0.71,Çerçevelik
"105,158","1,271.15",490.94,273.84,"106,080",365.91,0.83,0.99,0.70,0.82,1.79,0.75,Çerçevelik
"88,750","1,146.01",440.03,257.70,"89,450",336.15,0.81,0.99,0.73,0.85,1.71,0.76,Çerçevelik
"61,627",953.87,367.69,214.43,"62,333",280.12,0.81,0.99,0.75,0.85,1.71,0.76,Çerçevelik
"67,306",998.62,375.02,229.26,"68,240",292.74,0.79,0.99,0.69,0.85,1.64,0.78,Çerçevelik
"73,972","1,082.56",431.52,219.08,"75,032",306.89,0.86,0.99,0.61,0.79,1.97,0.71,Çerçevelik
"65,388",984.96,385.89,216.50,"66,018",288.54,0.83,0.99,0.75,0.85,1.78,0.75,Çerçevelik
"61,584",996.60,398.97,198.14,"62,692",280.02,0.87,0.98,0.65,0.78,2.01,0.70,Çerçevelik
"77,905","1,038.55",371.93,267.63,"78,770",314.95,0.69,0.99,0.75,0.91,1.39,0.85,Çerçevelik
"82,133","1,153.06",444.59,235.64,"83,220",323.38,0.85,0.99,0.73,0.78,1.89,0.73,Çerçevelik
"95,029","1,182.33",445.37,273.92,"95,885",347.84,0.79,0.99,0.69,0.85,1.63,0.78,Çerçevelik
"78,148","1,058.41",399.54,250.09,"78,916",315.44,0.78,0.99,0.74,0.88,1.60,0.79,Çerçevelik
"103,042","1,223.29",455.17,289.97,"104,062",362.21,0.77,0.99,0.76,0.87,1.57,0.80,Çerçevelik
"68,506","1,003.80",386.35,226.91,"69,259",295.34,0.81,0.99,0.73,0.85,1.70,0.76,Çerçevelik
"85,592","1,149.04",460.02,237.84,"86,307",330.12,0.86,0.99,0.72,0.81,1.93,0.72,Çerçevelik
"72,637","1,021.45",398.59,232.61,"73,209",304.11,0.81,0.99,0.74,0.87,1.71,0.76,Çerçevelik
"76,078","1,062.61",417.19,232.99,"76,852",311.23,0.83,0.99,0.71,0.85,1.79,0.75,Çerçevelik
"86,012","1,120.92",436.39,251.67,"86,654",330.93,0.82,0.99,0.73,0.86,1.73,0.76,Çerçevelik
"80,481","1,105.16",440.67,233.37,"81,334",320.11,0.85,0.99,0.67,0.83,1.89,0.73,Çerçevelik
"86,298","1,129.95",433.96,253.89,"87,075",331.48,0.81,0.99,0.72,0.85,1.71,0.76,Çerçevelik
"78,819","1,074.63",426.06,235.91,"79,437",316.79,0.83,0.99,0.75,0.86,1.81,0.74,Çerçevelik
"83,237","1,093.64",427.70,248.61,"83,744",325.55,0.81,0.99,0.75,0.87,1.72,0.76,Çerçevelik
"74,041","1,062.65",427.90,221.47,"74,848",307.04,0.86,0.99,0.66,0.82,1.93,0.72,Çerçevelik
"73,257","1,020.33",395.48,236.64,"73,807",305.41,0.80,0.99,0.78,0.88,1.67,0.77,Çerçevelik
"82,405","1,136.97",459.93,228.81,"83,195",323.92,0.87,0.99,0.63,0.80,2.01,0.70,Çerçevelik
"70,087","1,004.98",389.70,229.82,"70,788",298.73,0.81,0.99,0.69,0.87,1.70,0.77,Çerçevelik
"73,959","1,040.05",407.32,232.38,"74,636",306.87,0.82,0.99,0.73,0.86,1.75,0.75,Çerçevelik
"76,930","1,063.15",417.35,235.20,"77,536",312.97,0.83,0.99,0.67,0.86,1.77,0.75,Çerçevelik
"75,110","1,061.80",417.43,231.09,"76,105",309.25,0.83,0.99,0.67,0.84,1.81,0.74,Çerçevelik
"69,132",961.53,342.38,257.63,"69,616",296.68,0.66,0.99,0.74,0.94,1.33,0.87,Çerçevelik
"70,905",996.61,384.20,235.73,"71,369",300.46,0.79,0.99,0.72,0.90,1.63,0.78,Çerçevelik
"95,150","1,243.63",513.25,239.38,"96,438",348.06,0.88,0.99,0.75,0.77,2.14,0.68,Çerçevelik
"72,109","1,031.80",414.92,221.83,"72,725",303.01,0.85,0.99,0.68,0.85,1.87,0.73,Çerçevelik
"64,916",985.07,390.79,212.08,"65,486",287.50,0.84,0.99,0.65,0.84,1.84,0.74,Çerçevelik
"83,314","1,125.58",446.35,239.79,"84,208",325.70,0.84,0.99,0.64,0.83,1.86,0.73,Çerçevelik
"96,327","1,179.48",453.47,271.26,"97,246",350.21,0.80,0.99,0.74,0.87,1.67,0.77,Çerçevelik
"67,355",986.93,382.84,225.59,"67,861",292.85,0.81,0.99,0.70,0.87,1.70,0.76,Çerçevelik
"69,297","1,023.18",403.68,219.32,"70,009",297.04,0.84,0.99,0.71,0.83,1.84,0.74,Çerçevelik
"104,535","1,259.32",501.95,266.62,"105,577",364.83,0.85,0.99,0.72,0.83,1.88,0.73,Çerçevelik
"82,798","1,110.09",436.56,242.38,"83,578",324.69,0.83,0.99,0.70,0.84,1.80,0.74,Çerçevelik
"76,840","1,087.25",424.98,232.03,"77,894",312.79,0.84,0.99,0.66,0.82,1.83,0.74,Çerçevelik
"69,924","1,006.76",388.47,229.70,"70,530",298.38,0.81,0.99,0.73,0.87,1.69,0.77,Çerçevelik
"68,275","1,023.72",413.00,211.04,"68,876",294.84,0.86,0.99,0.71,0.82,1.96,0.71,Çerçevelik
"63,011",961.16,371.56,216.59,"63,511",283.25,0.81,0.99,0.73,0.86,1.72,0.76,Çerçevelik
"86,209","1,112.01",415.78,265.08,"87,212",331.31,0.77,0.99,0.73,0.88,1.57,0.80,Çerçevelik
"75,039","1,123.47",453.25,213.62,"76,007",309.10,0.88,0.99,0.75,0.75,2.12,0.68,Çerçevelik
"68,249","1,031.97",415.39,210.58,"68,853",294.78,0.86,0.99,0.63,0.81,1.97,0.71,Çerçevelik
"75,716","1,064.63",427.80,225.93,"76,238",310.49,0.85,0.99,0.74,0.84,1.89,0.73,Çerçevelik
"83,911","1,124.36",438.48,245.00,"84,745",326.86,0.83,0.99,0.68,0.83,1.79,0.75,Çerçevelik
"65,317",968.90,371.16,224.48,"65,905",288.38,0.80,0.99,0.76,0.87,1.65,0.78,Çerçevelik
"60,409",988.19,406.47,190.24,"61,098",277.34,0.88,0.99,0.73,0.78,2.14,0.68,Çerçevelik
"65,102",997.98,393.18,211.91,"65,791",287.91,0.84,0.99,0.73,0.82,1.86,0.73,Çerçevelik
"75,648","1,105.07",383.84,251.52,"76,498",310.35,0.76,0.99,0.75,0.78,1.53,0.81,Çerçevelik
"58,889",952.73,372.02,203.46,"59,534",273.82,0.84,0.99,0.68,0.82,1.83,0.74,Çerçevelik
"101,872","1,235.25",480.96,270.78,"102,668",360.15,0.83,0.99,0.68,0.84,1.78,0.75,Çerçevelik
"71,905","1,055.36",411.16,224.59,"72,726",302.58,0.84,0.99,0.65,0.81,1.83,0.74,Çerçevelik
"88,424","1,180.58",471.69,240.01,"89,586",335.54,0.86,0.99,0.74,0.80,1.97,0.71,Çerçevelik
"102,978","1,247.20",487.19,270.44,"104,151",362.10,0.83,0.99,0.67,0.83,1.80,0.74,Çerçevelik
"70,464","1,028.71",406.33,222.33,"71,028",299.53,0.84,0.99,0.72,0.84,1.83,0.74,Çerçevelik
"99,386","1,228.03",485.85,261.20,"100,357",355.73,0.84,0.99,0.64,0.83,1.86,0.73,Çerçevelik
"74,353","1,046.39",409.59,231.92,"75,034",307.68,0.82,0.99,0.71,0.85,1.77,0.75,Çerçevelik
"72,566","1,030.82",401.73,230.45,"73,117",303.96,0.82,0.99,0.74,0.86,1.74,0.76,Çerçevelik
"66,174",985.09,366.50,231.77,"66,931",290.27,0.77,0.99,0.69,0.86,1.58,0.79,Çerçevelik
"78,483","1,129.94",462.39,217.19,"79,325",316.11,0.88,0.99,0.59,0.77,2.13,0.68,Çerçevelik
"78,888","1,198.95",393.63,258.02,"80,294",316.93,0.76,0.98,0.74,0.69,1.53,0.81,Çerçevelik
"69,453","1,010.88",399.33,221.74,"70,048",297.37,0.83,0.99,0.76,0.85,1.80,0.74,Çerçevelik
"67,969","1,007.37",395.99,221.21,"68,463",294.18,0.83,0.99,0.74,0.84,1.79,0.74,Çerçevelik
"81,893","1,127.30",441.52,237.53,"83,087",322.91,0.84,0.99,0.72,0.81,1.86,0.73,Çerçevelik
"77,054","1,096.30",439.67,224.28,"77,705",313.22,0.86,0.99,0.63,0.81,1.96,0.71,Çerçevelik
"96,178","1,247.70",511.91,240.03,"97,043",349.94,0.88,0.99,0.75,0.78,2.13,0.68,Çerçevelik
"71,768","1,025.53",406.57,225.31,"72,315",302.29,0.83,0.99,0.72,0.86,1.80,0.74,Çerçevelik
"81,013","1,109.73",425.10,244.33,"82,136",321.17,0.82,0.99,0.69,0.83,1.74,0.76,Çerçevelik
"93,313","1,189.41",463.78,257.22,"94,188",344.69,0.83,0.99,0.72,0.83,1.80,0.74,Çerçevelik
"75,795","1,052.09",404.63,238.95,"76,547",310.65,0.81,0.99,0.73,0.86,1.69,0.77,Çerçevelik
"73,412","1,053.64",419.70,224.04,"74,165",305.73,0.85,0.99,0.65,0.83,1.87,0.73,Çerçevelik
"69,144","1,037.54",414.10,214.22,"70,111",296.71,0.86,0.99,0.70,0.81,1.93,0.72,Çerçevelik
"69,573","1,005.84",390.96,227.71,"70,068",297.63,0.81,0.99,0.68,0.86,1.72,0.76,Çerçevelik
"65,375",953.06,355.06,235.07,"65,995",288.51,0.75,0.99,0.74,0.90,1.51,0.81,Çerçevelik
"65,563",984.77,393.32,212.88,"66,035",288.92,0.84,0.99,0.73,0.85,1.85,0.73,Çerçevelik
"86,505","1,144.63",452.93,244.32,"87,227",331.88,0.84,0.99,0.72,0.83,1.85,0.73,Çerçevelik
"74,948","1,068.90",426.05,224.79,"75,700",308.91,0.85,0.99,0.68,0.82,1.90,0.73,Çerçevelik
"92,547","1,214.38",493.49,239.83,"93,424",343.27,0.87,0.99,0.61,0.79,2.06,0.70,Çerçevelik
"73,326","1,048.65",408.79,229.64,"74,342",305.55,0.83,0.99,0.72,0.84,1.78,0.75,Çerçevelik
"93,586","1,162.97",448.77,266.09,"94,454",345.19,0.81,0.99,0.74,0.87,1.69,0.77,Çerçevelik
"73,586","1,020.92",394.89,238.02,"74,109",306.09,0.80,0.99,0.75,0.89,1.66,0.78,Çerçevelik
"76,753","1,039.69",385.12,255.13,"77,503",312.61,0.75,0.99,0.73,0.89,1.51,0.81,Çerçevelik
"65,594",976.82,384.74,218.01,"66,003",288.99,0.82,0.99,0.74,0.86,1.76,0.75,Çerçevelik
"77,658","1,060.76",406.27,244.95,"78,446",314.45,0.80,0.99,0.73,0.87,1.66,0.77,Çerçevelik
"91,455","1,203.49",491.33,237.47,"92,255",341.24,0.88,0.99,0.68,0.79,2.07,0.69,Çerçevelik
"82,425","1,104.45",433.29,243.22,"83,167",323.95,0.83,0.99,0.73,0.85,1.78,0.75,Çerçevelik
"65,422","1,008.42",395.40,211.47,"66,261",288.61,0.85,0.99,0.67,0.81,1.87,0.73,Çerçevelik
"68,663","1,001.80",392.37,223.86,"69,265",295.68,0.82,0.99,0.73,0.86,1.75,0.75,Çerçevelik
"79,424","1,118.60",456.59,222.92,"80,134",318.00,0.87,0.99,0.75,0.80,2.05,0.70,Çerçevelik
"69,375","1,020.07",400.87,221.58,"69,988",297.21,0.83,0.99,0.71,0.84,1.81,0.74,Çerçevelik
"80,306","1,106.96",431.70,237.51,"81,047",319.76,0.84,0.99,0.73,0.82,1.82,0.74,Çerçevelik
"77,348","1,062.43",402.68,245.83,"78,431",313.82,0.79,0.99,0.72,0.86,1.64,0.78,Çerçevelik
"78,607","1,104.86",444.48,225.74,"79,242",316.36,0.86,0.99,0.69,0.81,1.97,0.71,Çerçevelik
"76,249","1,064.51",421.72,230.65,"76,789",311.58,0.84,0.99,0.73,0.85,1.83,0.74,Çerçevelik
"87,599","1,148.24",448.25,249.56,"88,453",333.97,0.83,0.99,0.74,0.83,1.80,0.75,Çerçevelik
"94,940","1,221.54",488.83,248.79,"96,135",347.68,0.86,0.99,0.74,0.80,1.96,0.71,Çerçevelik
"67,761","1,001.31",380.50,228.13,"68,454",293.73,0.80,0.99,0.73,0.85,1.67,0.77,Çerçevelik
"67,203",997.91,390.54,219.80,"67,844",292.52,0.83,0.99,0.70,0.85,1.78,0.75,Çerçevelik
"80,955","1,121.40",452.05,228.47,"81,700",321.05,0.86,0.99,0.75,0.81,1.98,0.71,Çerçevelik
"82,069","1,125.65",448.91,233.60,"82,876",323.25,0.85,0.99,0.72,0.81,1.92,0.72,Çerçevelik
"74,986","1,077.19",428.89,223.47,"75,741",308.99,0.85,0.99,0.71,0.81,1.92,0.72,Çerçevelik
"71,563","1,010.25",388.08,235.19,"72,103",301.86,0.80,0.99,0.70,0.88,1.65,0.78,Çerçevelik
"85,196","1,160.29",460.62,236.25,"86,017",329.36,0.86,0.99,0.65,0.80,1.95,0.72,Çerçevelik
"89,165","1,137.67",435.43,261.41,"89,981",336.94,0.80,0.99,0.73,0.87,1.67,0.77,Çerçevelik
"77,994","1,053.61",388.76,256.47,"78,700",315.13,0.75,0.99,0.73,0.88,1.52,0.81,Çerçevelik
"87,120","1,173.54",472.97,235.93,"88,305",333.05,0.87,0.99,0.74,0.79,2.00,0.70,Çerçevelik
"76,931","1,102.16",447.63,219.99,"77,912",312.97,0.87,0.99,0.76,0.80,2.03,0.70,Çerçevelik
"84,697","1,132.22",443.86,243.48,"85,817",328.39,0.84,0.99,0.66,0.83,1.82,0.74,Çerçevelik
"78,088","1,124.59",456.02,218.67,"78,855",315.32,0.88,0.99,0.66,0.78,2.09,0.69,Çerçevelik
"68,012","1,037.62",414.45,209.97,"68,847",294.27,0.86,0.99,0.73,0.79,1.97,0.71,Çerçevelik
"84,259","1,139.64",456.03,235.70,"84,990",327.54,0.86,0.99,0.75,0.82,1.93,0.72,Çerçevelik
"65,411",962.03,359.53,232.53,"66,102",288.59,0.76,0.99,0.73,0.89,1.55,0.80,Çerçevelik
"65,765",998.34,394.61,213.09,"66,690",289.37,0.84,0.99,0.70,0.83,1.85,0.73,Çerçevelik
"87,681","1,125.86",431.12,260.96,"88,512",334.12,0.80,0.99,0.72,0.87,1.65,0.78,Çerçevelik
"98,296","1,181.85",448.31,281.35,"99,065",353.77,0.78,0.99,0.73,0.88,1.59,0.79,Çerçevelik
"79,754","1,132.59",459.81,222.03,"80,858",318.66,0.88,0.99,0.67,0.78,2.07,0.69,Çerçevelik
"98,457","1,218.75",465.89,270.69,"99,556",354.06,0.81,0.99,0.73,0.83,1.72,0.76,Çerçevelik
"78,511","1,114.00",454.57,220.99,"79,257",316.17,0.87,0.99,0.71,0.80,2.06,0.70,Çerçevelik
"69,070","1,002.06",384.58,230.30,"69,623",296.55,0.80,0.99,0.72,0.86,1.67,0.77,Çerçevelik
"82,029","1,103.21",428.69,245.00,"83,039",323.18,0.82,0.99,0.73,0.85,1.75,0.75,Çerçevelik
"74,565","1,108.60",447.51,212.79,"75,400",308.12,0.88,0.99,0.70,0.76,2.10,0.69,Çerçevelik
"69,452","1,015.37",406.60,217.97,"70,038",297.37,0.84,0.99,0.74,0.85,1.87,0.73,Çerçevelik
"70,305","1,053.98",429.96,209.72,"71,159",299.19,0.87,0.99,0.74,0.80,2.05,0.70,Çerçevelik
"95,964","1,202.76",479.37,255.76,"96,683",349.55,0.85,0.99,0.69,0.83,1.87,0.73,Çerçevelik
"82,618","1,156.90",481.48,219.66,"83,448",324.33,0.89,0.99,0.76,0.78,2.19,0.67,Çerçevelik
"62,908",984.10,396.71,202.56,"63,490",283.01,0.86,0.99,0.66,0.82,1.96,0.71,Çerçevelik
"73,830","1,049.96",408.96,231.25,"74,577",306.60,0.82,0.99,0.65,0.84,1.77,0.75,Çerçevelik
"64,557",962.80,371.52,222.74,"65,056",286.70,0.80,0.99,0.72,0.88,1.67,0.77,Çerçevelik
"82,316","1,121.28",437.41,241.75,"83,860",323.74,0.83,0.98,0.75,0.82,1.81,0.74,Çerçevelik
"73,223","1,052.52",417.82,224.91,"74,367",305.34,0.84,0.98,0.67,0.83,1.86,0.73,Çerçevelik
"61,280",973.89,386.92,204.31,"62,284",279.33,0.85,0.98,0.73,0.81,1.89,0.72,Çerçevelik
"66,086",992.48,388.68,217.68,"66,864",290.07,0.83,0.99,0.73,0.84,1.79,0.75,Çerçevelik
"87,080","1,160.40",463.61,241.04,"87,925",332.98,0.85,0.99,0.72,0.81,1.92,0.72,Çerçevelik
"75,985","1,094.90",446.78,217.73,"76,839",311.04,0.87,0.99,0.71,0.80,2.05,0.70,Çerçevelik
"66,846","1,000.91",399.25,213.96,"67,418",291.74,0.84,0.99,0.75,0.84,1.87,0.73,Çerçevelik
"88,283","1,147.21",454.14,248.50,"88,978",335.27,0.84,0.99,0.67,0.84,1.83,0.74,Çerçevelik
"73,832","1,030.21",393.98,239.50,"74,641",306.60,0.79,0.99,0.71,0.87,1.65,0.78,Çerçevelik
"70,595","1,028.38",406.06,222.37,"71,268",299.81,0.84,0.99,0.66,0.84,1.83,0.74,Çerçevelik
"59,768",959.72,388.31,196.78,"60,292",275.86,0.86,0.99,0.72,0.82,1.97,0.71,Çerçevelik
"65,320","1,001.01",399.91,210.65,"66,404",288.39,0.85,0.98,0.65,0.82,1.90,0.72,Çerçevelik
"84,611","1,140.26",462.29,233.33,"85,284",328.22,0.86,0.99,0.68,0.82,1.98,0.71,Çerçevelik
"64,399",960.61,354.45,233.23,"65,314",286.35,0.75,0.99,0.71,0.88,1.52,0.81,Çerçevelik
"61,828",952.93,369.55,214.63,"62,580",280.57,0.81,0.99,0.76,0.86,1.72,0.76,Çerçevelik
"64,236",963.38,365.89,225.62,"65,186",285.99,0.79,0.99,0.73,0.87,1.62,0.78,Çerçevelik
"69,119","1,004.55",398.42,221.49,"69,560",296.66,0.83,0.99,0.68,0.86,1.80,0.74,Çerçevelik
"67,342",995.00,382.93,225.38,"68,007",292.82,0.81,0.99,0.71,0.85,1.70,0.76,Çerçevelik
"71,531","1,006.50",380.70,240.20,"72,073",301.79,0.78,0.99,0.72,0.89,1.59,0.79,Çerçevelik
"80,791","1,129.16",444.15,234.12,"81,752",320.73,0.85,0.99,0.74,0.80,1.90,0.72,Çerçevelik
"60,925",957.32,375.98,207.42,"61,599",278.52,0.83,0.99,0.71,0.84,1.81,0.74,Çerçevelik
"61,567","1,092.55",383.96,207.75,"64,254",279.98,0.84,0.96,0.70,0.65,1.85,0.73,Çerçevelik
"67,658","1,000.45",385.50,225.64,"68,313",293.50,0.81,0.99,0.70,0.85,1.71,0.76,Çerçevelik
"71,327","1,035.46",415.73,219.37,"72,057",301.36,0.85,0.99,0.69,0.84,1.90,0.72,Çerçevelik
"80,009","1,096.17",423.30,241.34,"80,890",319.17,0.82,0.99,0.70,0.84,1.75,0.75,Çerçevelik
"79,991","1,107.47",437.52,233.39,"80,846",319.14,0.85,0.99,0.74,0.82,1.87,0.73,Çerçevelik
"70,162","1,047.63",420.98,213.56,"71,039",298.89,0.86,0.99,0.70,0.80,1.97,0.71,Çerçevelik
"75,398","1,096.78",438.04,220.76,"76,592",309.84,0.86,0.98,0.70,0.79,1.98,0.71,Çerçevelik
"63,314",937.29,345.69,234.47,"63,784",283.93,0.73,0.99,0.74,0.91,1.47,0.82,Çerçevelik
"81,221","1,088.57",415.80,249.45,"81,921",321.58,0.80,0.99,0.73,0.86,1.67,0.77,Çerçevelik
"92,201","1,199.31",482.78,244.24,"92,937",342.63,0.86,0.99,0.74,0.81,1.98,0.71,Çerçevelik
"73,755","1,093.95",438.54,215.48,"74,864",306.44,0.87,0.99,0.59,0.77,2.04,0.70,Çerçevelik
"67,193","1,027.89",412.36,208.25,"67,886",292.49,0.86,0.99,0.76,0.80,1.98,0.71,Çerçevelik
"77,047","1,081.92",419.24,234.84,"77,801",313.21,0.83,0.99,0.73,0.83,1.79,0.75,Çerçevelik
"76,657","1,080.80",422.31,231.64,"77,515",312.41,0.84,0.99,0.73,0.82,1.82,0.74,Çerçevelik
"83,801","1,137.99",448.66,238.98,"84,733",326.65,0.85,0.99,0.74,0.81,1.88,0.73,Çerçevelik
"99,043","1,201.08",461.93,274.14,"99,963",355.11,0.80,0.99,0.72,0.86,1.69,0.77,Çerçevelik
"72,777","1,066.96",430.22,217.25,"73,339",304.41,0.86,0.99,0.71,0.80,1.98,0.71,Çerçevelik
"65,204",984.47,383.35,217.11,"65,771",288.13,0.82,0.99,0.67,0.85,1.77,0.75,Çerçevelik
"90,643","1,160.61",453.15,255.28,"91,366",339.72,0.83,0.99,0.75,0.85,1.78,0.75,Çerçevelik
"69,052","1,001.69",384.25,230.05,"69,692",296.51,0.80,0.99,0.73,0.86,1.67,0.77,Çerçevelik
"64,896","1,039.32",430.12,193.07,"66,107",287.45,0.89,0.98,0.64,0.76,2.23,0.67,Çerçevelik
"81,601","1,095.82",418.42,249.62,"82,693",322.33,0.80,0.99,0.75,0.85,1.68,0.77,Çerçevelik
"70,609","1,011.30",393.83,228.64,"71,270",299.84,0.81,0.99,0.68,0.87,1.72,0.76,Çerçevelik
"97,447","1,172.02",448.69,276.99,"98,077",352.24,0.79,0.99,0.76,0.89,1.62,0.79,Çerçevelik
"95,173","1,192.18",463.37,262.56,"96,002",348.11,0.82,0.99,0.71,0.84,1.76,0.75,Çerçevelik
"99,850","1,242.63",489.79,261.00,"101,228",356.56,0.85,0.99,0.74,0.81,1.88,0.73,Çerçevelik
"70,434","1,031.38",407.49,220.79,"71,200",299.47,0.84,0.99,0.67,0.83,1.85,0.73,Çerçevelik
"91,706","1,171.37",453.44,259.01,"92,969",341.71,0.82,0.99,0.70,0.84,1.75,0.75,Çerçevelik
"71,200","1,031.47",407.46,223.37,"71,820",301.09,0.84,0.99,0.70,0.84,1.82,0.74,Çerçevelik
"66,682","1,004.94",385.99,221.40,"67,537",291.38,0.82,0.99,0.65,0.83,1.74,0.75,Çerçevelik
"81,425","1,120.92",450.32,230.95,"82,394",321.98,0.86,0.99,0.73,0.81,1.95,0.72,Çerçevelik
"84,429","1,171.97",475.09,229.33,"85,639",327.87,0.88,0.99,0.67,0.77,2.07,0.69,Çerçevelik
"67,985","1,001.04",391.07,222.60,"68,625",294.21,0.82,0.99,0.73,0.85,1.76,0.75,Çerçevelik
"69,474","1,048.07",428.17,207.50,"70,234",297.42,0.87,0.99,0.64,0.79,2.06,0.69,Çerçevelik
"61,352",964.36,381.33,206.30,"61,996",279.49,0.84,0.99,0.71,0.83,1.85,0.73,Çerçevelik
"93,270","1,195.75",472.18,253.71,"94,585",344.61,0.84,0.99,0.64,0.82,1.86,0.73,Çerçevelik
"80,759","1,134.33",451.41,229.56,"82,166",320.66,0.86,0.98,0.71,0.79,1.97,0.71,Çerçevelik
"87,336","1,203.83",481.39,231.95,"88,856",333.47,0.88,0.98,0.63,0.76,2.08,0.69,Çerçevelik
"86,264","1,142.90",459.29,239.85,"87,031",331.41,0.85,0.99,0.75,0.83,1.91,0.72,Çerçevelik
"71,368","1,053.51",427.34,213.18,"72,230",301.44,0.87,0.99,0.73,0.81,2.00,0.71,Çerçevelik
"87,049","1,124.76",419.62,266.63,"88,432",332.92,0.77,0.98,0.74,0.86,1.57,0.79,Çerçevelik
"57,907",949.80,387.48,191.25,"58,497",271.53,0.87,0.99,0.71,0.81,2.03,0.70,Çerçevelik
"72,882","1,046.46",407.27,228.84,"74,144",304.62,0.83,0.98,0.67,0.84,1.78,0.75,Çerçevelik
"79,709","1,142.18",479.81,212.19,"80,310",318.57,0.90,0.99,0.62,0.77,2.26,0.66,Çerçevelik
"68,292",982.05,368.69,237.17,"68,891",294.88,0.77,0.99,0.72,0.89,1.55,0.80,Çerçevelik
"63,837",948.06,360.84,226.03,"64,372",285.10,0.78,0.99,0.72,0.89,1.60,0.79,Çerçevelik
"63,474",958.93,366.55,221.18,"64,122",284.28,0.80,0.99,0.70,0.87,1.66,0.78,Çerçevelik
"82,330","1,118.72",443.33,237.83,"83,009",323.77,0.84,0.99,0.69,0.83,1.86,0.73,Çerçevelik
"77,120","1,115.79",463.20,212.41,"77,770",313.36,0.89,0.99,0.60,0.78,2.18,0.68,Çerçevelik
"72,940","1,080.59",440.19,212.90,"73,668",304.75,0.88,0.99,0.60,0.79,2.07,0.69,Çerçevelik
"56,533",899.49,345.59,209.80,"57,101",268.29,0.79,0.99,0.71,0.88,1.65,0.78,Çerçevelik
"71,777","1,078.08",448.58,204.39,"72,611",302.31,0.89,0.99,0.77,0.78,2.19,0.67,Çerçevelik
"75,655","1,078.57",433.03,223.27,"76,640",310.37,0.86,0.99,0.74,0.82,1.94,0.72,Çerçevelik
"77,320","1,054.15",401.51,246.48,"78,314",313.76,0.79,0.99,0.74,0.87,1.63,0.78,Çerçevelik
"61,326",932.09,359.46,217.77,"61,772",279.43,0.80,0.99,0.75,0.89,1.65,0.78,Çerçevelik
"72,923","1,045.77",412.99,226.06,"73,590",304.71,0.84,0.99,0.74,0.84,1.83,0.74,Çerçevelik
"63,618",946.48,356.70,227.52,"64,165",284.61,0.77,0.99,0.74,0.89,1.57,0.80,Çerçevelik
"70,217","1,009.96",391.49,229.49,"70,833",299.00,0.81,0.99,0.69,0.87,1.71,0.76,Çerçevelik
"71,711","1,066.11",434.24,211.07,"72,631",302.17,0.87,0.99,0.76,0.79,2.06,0.70,Çerçevelik
"62,673",997.19,393.63,203.69,"63,475",282.48,0.86,0.99,0.72,0.79,1.93,0.72,Çerçevelik
"79,861","1,123.12",450.55,226.37,"80,649",318.88,0.86,0.99,0.68,0.80,1.99,0.71,Çerçevelik
"83,083","1,134.79",446.32,237.57,"84,106",325.25,0.85,0.99,0.71,0.81,1.88,0.73,Çerçevelik
"67,157","1,033.87",423.71,202.52,"67,798",292.42,0.88,0.99,0.72,0.79,2.09,0.69,Çerçevelik
"95,508","1,224.64",446.77,279.62,"98,182",348.72,0.78,0.97,0.77,0.80,1.60,0.78,Çerçevelik
"103,786","1,281.89",520.54,254.69,"104,686",363.52,0.87,0.99,0.76,0.79,2.04,0.70,Çerçevelik
"95,145","1,173.39",444.14,273.36,"96,080",348.06,0.79,0.99,0.75,0.87,1.62,0.78,Çerçevelik
"71,795","1,055.30",402.52,228.97,"72,637",302.34,0.82,0.99,0.70,0.81,1.76,0.75,Çerçevelik
"86,455","1,161.07",463.08,238.16,"87,340",331.78,0.86,0.99,0.68,0.81,1.94,0.72,Çerçevelik
"66,301","1,021.67",402.01,210.74,"67,036",290.55,0.85,0.99,0.75,0.80,1.91,0.72,Çerçevelik
"71,390","1,052.83",409.93,222.86,"72,305",301.49,0.84,0.99,0.65,0.81,1.84,0.74,Çerçevelik
"69,113","1,058.50",422.24,213.07,"70,458",296.64,0.86,0.98,0.65,0.78,1.98,0.70,Çerçevelik
"91,077","1,141.85",423.10,275.13,"92,023",340.53,0.76,0.99,0.74,0.88,1.54,0.80,Çerçevelik
"76,581","1,052.57",384.26,255.88,"77,744",312.26,0.75,0.99,0.71,0.87,1.50,0.81,Çerçevelik
"70,110","1,046.25",418.60,214.40,"70,756",298.78,0.86,0.99,0.67,0.80,1.95,0.71,Çerçevelik
"66,208",986.88,380.76,222.10,"66,838",290.34,0.81,0.99,0.75,0.85,1.71,0.76,Çerçevelik
"80,529","1,127.31",455.04,226.09,"81,294",320.21,0.87,0.99,0.62,0.80,2.01,0.70,Çerçevelik
"65,468",992.61,397.96,209.97,"65,953",288.72,0.85,0.99,0.67,0.84,1.90,0.73,Çerçevelik
"96,484","1,185.95",451.52,273.39,"97,487",350.50,0.80,0.99,0.69,0.86,1.65,0.78,Çerçevelik
"100,049","1,248.44",494.80,259.54,"101,460",356.91,0.85,0.99,0.67,0.81,1.91,0.72,Çerçevelik
"71,333","1,020.99",398.01,228.70,"71,953",301.37,0.82,0.99,0.73,0.86,1.74,0.76,Çerçevelik
"66,415","1,011.13",398.95,212.84,"67,025",290.80,0.85,0.99,0.68,0.82,1.87,0.73,Çerçevelik
"65,313",985.19,378.07,221.37,"65,985",288.37,0.81,0.99,0.67,0.85,1.71,0.76,Çerçevelik
"78,415","1,097.46",436.95,229.07,"79,297",315.98,0.85,0.99,0.69,0.82,1.91,0.72,Çerçevelik
"78,759","1,115.48",451.04,222.87,"79,428",316.67,0.87,0.99,0.74,0.80,2.02,0.70,Çerçevelik
"70,285","1,041.91",416.28,216.65,"71,139",299.15,0.85,0.99,0.72,0.81,1.92,0.72,Çerçevelik
"62,781",959.76,362.42,221.62,"63,630",282.73,0.79,0.99,0.75,0.86,1.64,0.78,Çerçevelik
"87,714","1,235.14",486.26,231.23,"88,918",334.19,0.88,0.99,0.72,0.72,2.10,0.69,Çerçevelik
"92,954","1,179.93",465.65,255.44,"93,932",344.02,0.84,0.99,0.74,0.84,1.82,0.74,Çerçevelik
"88,634","1,162.32",457.07,248.30,"89,748",335.94,0.84,0.99,0.74,0.82,1.84,0.74,Çerçevelik
"100,505","1,212.46",462.00,278.37,"101,522",357.72,0.80,0.99,0.73,0.86,1.66,0.77,Çerçevelik
"97,403","1,213.87",474.13,263.58,"98,515",352.16,0.83,0.99,0.72,0.83,1.80,0.74,Çerçevelik
"73,723","1,065.73",421.56,225.43,"74,815",306.38,0.85,0.99,0.66,0.82,1.87,0.73,Çerçevelik
"66,612","1,021.02",403.22,212.15,"67,306",291.23,0.85,0.99,0.70,0.80,1.90,0.72,Çerçevelik
"69,397","1,005.44",396.27,223.61,"69,973",297.25,0.83,0.99,0.74,0.86,1.77,0.75,Çerçevelik
"73,351","1,066.77",427.43,220.13,"74,165",305.60,0.86,0.99,0.63,0.81,1.94,0.72,Çerçevelik
"68,063","1,027.53",410.47,212.70,"68,872",294.38,0.86,0.99,0.65,0.81,1.93,0.72,Çerçevelik
"95,230","1,240.41",503.93,241.94,"96,868",348.21,0.88,0.98,0.73,0.78,2.08,0.69,Çerçevelik
"62,205",954.84,369.52,215.28,"62,966",281.43,0.81,0.99,0.74,0.86,1.72,0.76,Çerçevelik
"65,517",970.28,379.06,220.56,"66,006",288.82,0.81,0.99,0.75,0.87,1.72,0.76,Çerçevelik
"90,491","1,197.16",476.80,244.95,"91,721",339.44,0.86,0.99,0.63,0.79,1.95,0.71,Çerçevelik
"81,995","1,125.86",451.63,232.37,"82,871",323.11,0.86,0.99,0.72,0.81,1.94,0.72,Çerçevelik
"66,863","1,007.25",398.32,214.84,"67,572",291.77,0.84,0.99,0.65,0.83,1.85,0.73,Çerçevelik
"83,725","1,081.77",403.34,264.65,"84,390",326.50,0.75,0.99,0.75,0.90,1.52,0.81,Çerçevelik
"70,388","1,044.67",426.80,211.08,"71,013",299.37,0.87,0.99,0.72,0.81,2.02,0.70,Çerçevelik
"70,892","1,043.93",415.88,218.82,"71,646",300.44,0.85,0.99,0.67,0.82,1.90,0.72,Çerçevelik
"100,980","1,273.76",515.56,250.96,"101,881",358.57,0.87,0.99,0.69,0.78,2.05,0.70,Çerçevelik
"79,049","1,134.45",467.13,216.76,"79,946",317.25,0.89,0.99,0.73,0.77,2.16,0.68,Çerçevelik
"81,238","1,105.19",432.60,240.87,"82,019",321.61,0.83,0.99,0.69,0.84,1.80,0.74,Çerçevelik
"73,145","1,070.40",431.49,217.14,"73,855",305.17,0.86,0.99,0.75,0.80,1.99,0.71,Çerçevelik
"68,331","1,002.92",396.55,220.33,"68,969",294.96,0.83,0.99,0.74,0.85,1.80,0.74,Çerçevelik
"67,961","1,000.54",393.55,221.10,"68,758",294.16,0.83,0.99,0.74,0.85,1.78,0.75,Çerçevelik
"73,987","1,081.66",446.73,211.43,"74,587",306.93,0.88,0.99,0.75,0.79,2.11,0.69,Çerçevelik
"70,215","1,006.88",388.09,231.05,"70,876",299.00,0.80,0.99,0.70,0.87,1.68,0.77,Çerçevelik
"66,409","1,017.39",402.35,211.31,"67,435",290.78,0.85,0.98,0.70,0.81,1.90,0.72,Çerçevelik
"64,858","1,009.86",401.29,206.62,"65,700",287.37,0.86,0.99,0.64,0.80,1.94,0.72,Çerçevelik
"87,725","1,129.93",438.64,255.05,"88,442",334.21,0.81,0.99,0.73,0.86,1.72,0.76,Çerçevelik
"87,254","1,183.62",488.41,228.31,"88,124",333.31,0.88,0.99,0.74,0.78,2.14,0.68,Çerçevelik
"76,723","1,067.30",415.40,236.41,"77,651",312.55,0.82,0.99,0.72,0.85,1.76,0.75,Çerçevelik
"69,395","1,048.88",423.63,209.68,"70,213",297.25,0.87,0.99,0.70,0.79,2.02,0.70,Çerçevelik
"94,199","1,175.31",455.87,263.75,"94,930",346.32,0.82,0.99,0.74,0.86,1.73,0.76,Çerçevelik
"77,786","1,044.12",399.38,248.71,"78,364",314.71,0.78,0.99,0.73,0.90,1.61,0.79,Çerçevelik
"83,773","1,098.92",412.64,259.07,"84,666",326.59,0.78,0.99,0.70,0.87,1.59,0.79,Çerçevelik
"66,987","1,007.95",398.18,215.38,"67,981",292.05,0.84,0.99,0.74,0.83,1.85,0.73,Çerçevelik
"70,151","1,014.96",394.60,226.95,"70,834",298.86,0.82,0.99,0.69,0.86,1.74,0.76,Çerçevelik
"105,706","1,234.90",461.56,292.53,"106,736",366.86,0.77,0.99,0.73,0.87,1.58,0.79,Çerçevelik
"85,453","1,154.51",457.65,239.40,"86,355",329.85,0.85,0.99,0.75,0.81,1.91,0.72,Çerçevelik
"87,747","1,161.01",448.64,250.74,"89,050",334.25,0.83,0.99,0.67,0.82,1.79,0.75,Çerçevelik
"92,179","1,124.43",417.33,281.51,"92,814",342.59,0.74,0.99,0.75,0.92,1.48,0.82,Çerçevelik
"91,820","1,199.13",476.86,246.56,"92,719",341.92,0.86,0.99,0.68,0.80,1.93,0.72,Çerçevelik
"74,431","1,025.76",372.99,255.57,"75,343",307.84,0.73,0.99,0.72,0.89,1.46,0.83,Çerçevelik
"58,433",913.19,342.51,218.33,"58,984",272.76,0.77,0.99,0.75,0.88,1.57,0.80,Çerçevelik
"94,876","1,185.39",446.03,271.86,"95,706",347.56,0.79,0.99,0.73,0.85,1.64,0.78,Çerçevelik
"73,231","1,069.49",433.53,215.65,"73,833",305.35,0.87,0.99,0.66,0.80,2.01,0.70,Çerçevelik
"67,526","1,014.95",397.59,217.44,"68,407",293.22,0.84,0.99,0.72,0.82,1.83,0.74,Çerçevelik
"83,275","1,125.60",431.09,247.25,"84,158",325.62,0.82,0.99,0.71,0.83,1.74,0.76,Çerçevelik
"83,832","1,135.23",448.08,239.15,"84,719",326.71,0.85,0.99,0.76,0.82,1.87,0.73,Çerçevelik
"94,608","1,167.11",443.54,272.18,"95,556",347.07,0.79,0.99,0.73,0.87,1.63,0.78,Çerçevelik
"63,789",977.61,386.80,210.79,"64,483",284.99,0.84,0.99,0.75,0.84,1.84,0.74,Çerçevelik
"72,468","1,050.42",416.33,222.44,"73,289",303.76,0.85,0.99,0.72,0.83,1.87,0.73,Çerçevelik
"99,780","1,178.46",435.28,292.62,"100,487",356.43,0.74,0.99,0.74,0.90,1.49,0.82,Çerçevelik
"71,735","1,062.93",426.93,215.04,"72,606",302.22,0.86,0.99,0.72,0.80,1.99,0.71,Çerçevelik
"93,632","1,206.00",482.49,247.91,"94,636",345.28,0.86,0.99,0.69,0.81,1.95,0.72,Çerçevelik
"79,988","1,129.03",452.03,226.34,"81,145",319.13,0.87,0.99,0.62,0.79,2.00,0.71,Çerçevelik
"69,644","1,046.65",420.76,211.53,"70,608",297.78,0.86,0.99,0.63,0.80,1.99,0.71,Çerçevelik
"77,167","1,062.88",407.42,241.62,"77,999",313.45,0.81,0.99,0.74,0.86,1.69,0.77,Çerçevelik
"94,163","1,236.67",511.98,235.71,"95,031",346.25,0.89,0.99,0.76,0.77,2.17,0.68,Çerçevelik
"90,117","1,235.14",519.47,221.34,"90,899",338.73,0.90,0.99,0.75,0.74,2.35,0.65,Çerçevelik
"67,124",975.94,349.11,246.53,"68,065",292.34,0.71,0.99,0.72,0.89,1.42,0.84,Çerçevelik
"61,100",916.22,343.03,227.83,"61,587",278.92,0.75,0.99,0.76,0.91,1.51,0.81,Çerçevelik
"68,712","1,049.41",427.38,205.99,"69,670",295.78,0.88,0.99,0.60,0.78,2.07,0.69,Çerçevelik
"84,080","1,146.84",453.83,238.32,"85,182",327.19,0.85,0.99,0.74,0.80,1.90,0.72,Çerçevelik
"73,323","1,040.14",404.78,231.97,"74,402",305.55,0.82,0.99,0.75,0.85,1.75,0.75,Çerçevelik
"64,938",989.76,394.52,210.76,"65,529",287.54,0.85,0.99,0.66,0.83,1.87,0.73,Çerçevelik
"96,807","1,171.14",437.37,283.42,"97,874",351.08,0.76,0.99,0.73,0.89,1.54,0.80,Çerçevelik
"72,465","1,059.34",423.73,219.18,"73,571",303.75,0.86,0.99,0.70,0.81,1.93,0.72,Çerçevelik
"72,901","1,079.89",446.23,208.38,"73,523",304.66,0.88,0.99,0.75,0.79,2.14,0.68,Çerçevelik
"76,016","1,061.89",420.98,230.69,"76,632",311.11,0.84,0.99,0.75,0.85,1.82,0.74,Çerçevelik
"77,223","1,072.85",424.12,232.65,"77,971",313.57,0.84,0.99,0.66,0.84,1.82,0.74,Çerçevelik
"91,881","1,211.11",499.53,234.64,"92,607",342.03,0.88,0.99,0.75,0.79,2.13,0.68,Çerçevelik
"97,595","1,216.70",463.65,270.28,"98,794",352.51,0.81,0.99,0.69,0.83,1.72,0.76,Çerçevelik
"62,615","1,102.54",392.98,206.42,"64,422",282.35,0.85,0.97,0.63,0.65,1.90,0.72,Çerçevelik
"82,487","1,103.07",429.36,246.25,"83,544",324.08,0.82,0.99,0.73,0.85,1.74,0.75,Çerçevelik
"84,724","1,099.72",413.43,262.80,"85,695",328.44,0.77,0.99,0.74,0.88,1.57,0.79,Çerçevelik
"84,614","1,127.95",447.47,241.99,"85,257",328.23,0.84,0.99,0.68,0.84,1.85,0.73,Çerçevelik
"100,064","1,285.40",490.37,260.51,"100,845",356.94,0.85,0.99,0.68,0.76,1.88,0.73,Çerçevelik
"78,111","1,091.32",431.62,232.12,"79,105",315.36,0.84,0.99,0.71,0.82,1.86,0.73,Çerçevelik
"77,915","1,122.51",456.28,218.45,"78,732",314.97,0.88,0.99,0.69,0.78,2.09,0.69,Çerçevelik
"73,579","1,071.09",432.70,217.45,"74,409",306.08,0.86,0.99,0.73,0.81,1.99,0.71,Çerçevelik
"63,404",967.39,381.44,212.21,"64,033",284.13,0.83,0.99,0.67,0.85,1.80,0.74,Çerçevelik
"105,010","1,278.58",504.24,267.74,"106,451",365.65,0.85,0.99,0.70,0.81,1.88,0.73,Çerçevelik
"80,082","1,091.53",416.77,245.90,"80,992",319.32,0.81,0.99,0.71,0.84,1.69,0.77,Çerçevelik
"69,827","1,021.38",402.12,222.51,"70,632",298.17,0.83,0.99,0.74,0.84,1.81,0.74,Çerçevelik
"69,819","1,051.52",426.00,209.64,"70,615",298.15,0.87,0.99,0.74,0.79,2.03,0.70,Çerçevelik
"72,153","1,062.97",424.96,217.45,"72,836",303.10,0.86,0.99,0.71,0.80,1.95,0.71,Çerçevelik
"85,873","1,156.12",453.39,242.76,"86,909",330.66,0.84,0.99,0.70,0.81,1.87,0.73,Çerçevelik
"61,581",943.64,347.29,227.32,"62,377",280.01,0.76,0.99,0.73,0.87,1.53,0.81,Çerçevelik
"94,355","1,216.59",480.87,250.88,"95,621",346.61,0.85,0.99,0.74,0.80,1.92,0.72,Çerçevelik
"70,219","1,072.87",436.73,205.57,"71,101",299.01,0.88,0.99,0.71,0.77,2.12,0.68,Çerçevelik
"83,523","1,148.57",464.11,229.96,"84,320",326.11,0.87,0.99,0.68,0.80,2.02,0.70,Çerçevelik
"81,040","1,102.07",417.77,248.29,"81,904",321.22,0.80,0.99,0.74,0.84,1.68,0.77,Çerçevelik
"67,627","1,017.36",397.28,217.32,"68,241",293.44,0.84,0.99,0.74,0.82,1.83,0.74,Çerçevelik
"94,993","1,205.36",461.71,262.70,"95,999",347.78,0.82,0.99,0.71,0.82,1.76,0.75,Çerçevelik
"84,934","1,115.52",424.29,255.70,"85,714",328.85,0.80,0.99,0.72,0.86,1.66,0.78,Çerçevelik
"90,475","1,172.74",454.03,256.65,"91,992",339.41,0.82,0.98,0.76,0.83,1.77,0.75,Çerçevelik
"74,050","1,087.82",432.09,218.71,"74,801",307.06,0.86,0.99,0.63,0.79,1.98,0.71,Çerçevelik
"74,445","1,111.13",449.68,211.54,"75,474",307.87,0.88,0.99,0.59,0.76,2.13,0.68,Çerçevelik
"72,805","1,039.59",409.51,226.90,"73,390",304.46,0.83,0.99,0.74,0.85,1.80,0.74,Çerçevelik
"64,923","1,012.42",406.49,204.15,"65,516",287.51,0.86,0.99,0.70,0.80,1.99,0.71,Çerçevelik
"72,184","1,054.81",416.60,220.91,"72,940",303.16,0.85,0.99,0.64,0.82,1.89,0.73,Çerçevelik
"75,413","1,076.02",430.09,224.11,"76,115",309.87,0.85,0.99,0.74,0.82,1.92,0.72,Çerçevelik
"70,338","1,015.43",392.28,229.95,"71,068",299.26,0.81,0.99,0.69,0.86,1.71,0.76,Çerçevelik
"75,230","1,067.22",420.72,228.84,"76,138",309.49,0.84,0.99,0.75,0.83,1.84,0.74,Çerçevelik
"103,321","1,245.02",491.64,268.57,"104,066",362.70,0.84,0.99,0.73,0.84,1.83,0.74,Çerçevelik
"90,835","1,183.38",473.75,245.26,"91,735",340.08,0.86,0.99,0.68,0.82,1.93,0.72,Çerçevelik
"101,360","1,318.05",555.93,233.03,"102,401",359.24,0.91,0.99,0.74,0.73,2.39,0.65,Çerçevelik
"61,053",976.71,386.30,203.39,"62,294",278.81,0.85,0.98,0.66,0.80,1.90,0.72,Çerçevelik
"87,449","1,134.23",445.83,250.45,"88,155",333.68,0.83,0.99,0.72,0.85,1.78,0.75,Çerçevelik
"91,840","1,182.40",467.92,250.39,"92,722",341.96,0.84,0.99,0.64,0.83,1.87,0.73,Çerçevelik
"68,740",993.95,380.70,230.89,"69,265",295.84,0.80,0.99,0.75,0.87,1.65,0.78,Çerçevelik
"82,130","1,061.81",395.12,265.83,"82,656",323.37,0.74,0.99,0.75,0.92,1.49,0.82,Çerçevelik
"74,982","1,083.57",437.42,219.29,"75,854",308.98,0.87,0.99,0.62,0.80,1.99,0.71,Çerçevelik
"82,834","1,195.73",427.68,247.98,"84,348",324.76,0.81,0.98,0.73,0.73,1.72,0.76,Çerçevelik
"68,252","1,012.05",402.33,217.58,"68,896",294.79,0.84,0.99,0.65,0.84,1.85,0.73,Çerçevelik
"73,352","1,028.24",391.46,239.62,"73,946",305.61,0.79,0.99,0.72,0.87,1.63,0.78,Çerçevelik
"76,714","1,092.05",434.99,225.47,"77,557",312.53,0.86,0.99,0.66,0.81,1.93,0.72,Çerçevelik
"83,326","1,118.71",441.11,242.38,"83,981",325.72,0.84,0.99,0.74,0.84,1.82,0.74,Çerçevelik
"104,503","1,256.08",484.53,275.29,"105,471",364.77,0.82,0.99,0.75,0.83,1.76,0.75,Çerçevelik
"68,996","1,015.21",399.77,220.89,"69,834",296.39,0.83,0.99,0.70,0.84,1.81,0.74,Çerçevelik
"76,529","1,054.02",415.36,235.22,"77,036",312.15,0.82,0.99,0.74,0.87,1.77,0.75,Çerçevelik
"69,861","1,040.91",416.96,214.05,"70,653",298.24,0.86,0.99,0.74,0.81,1.95,0.72,Çerçevelik
"74,403","1,072.38",432.02,219.84,"74,964",307.79,0.86,0.99,0.71,0.81,1.97,0.71,Çerçevelik
"97,138","1,189.70",457.45,271.11,"97,869",351.68,0.81,0.99,0.69,0.86,1.69,0.77,Çerçevelik
"65,452","1,012.72",409.35,204.17,"66,065",288.68,0.87,0.99,0.75,0.80,2.01,0.71,Çerçevelik
"79,841","1,115.69",452.42,225.43,"80,558",318.84,0.87,0.99,0.67,0.81,2.01,0.70,Çerçevelik
"86,359","1,172.52",460.87,240.85,"87,377",331.60,0.85,0.99,0.68,0.79,1.91,0.72,Çerçevelik
"72,291","1,069.26",430.85,215.63,"73,441",303.39,0.87,0.98,0.66,0.79,2.00,0.70,Çerçevelik
"79,638","1,100.29",436.60,233.94,"80,282",318.43,0.84,0.99,0.72,0.83,1.87,0.73,Çerçevelik
"74,522","1,038.12",395.08,241.03,"75,226",308.03,0.79,0.99,0.74,0.87,1.64,0.78,Çerçevelik
"69,184",999.15,374.28,236.13,"69,986",296.80,0.78,0.99,0.72,0.87,1.59,0.79,Çerçevelik
"76,432","1,054.62",408.70,239.08,"77,067",311.96,0.81,0.99,0.69,0.86,1.71,0.76,Çerçevelik
"98,431","1,173.01",434.45,289.17,"99,167",354.01,0.75,0.99,0.75,0.90,1.50,0.81,Çerçevelik
"100,498","1,230.04",480.47,267.61,"101,231",357.71,0.83,0.99,0.66,0.83,1.80,0.74,Çerçevelik
"75,719","1,102.12",444.25,218.35,"76,797",310.50,0.87,0.99,0.73,0.78,2.03,0.70,Çerçevelik
"79,591","1,103.07",426.80,241.17,"80,987",318.34,0.83,0.98,0.72,0.82,1.77,0.75,Çerçevelik
"107,476","1,306.01",528.80,259.47,"108,501",369.92,0.87,0.99,0.78,0.79,2.04,0.70,Çerçevelik
"86,967","1,178.05",472.06,236.92,"88,024",332.76,0.86,0.99,0.70,0.79,1.99,0.70,Çerçevelik
"103,815","1,241.73",481.28,275.73,"104,687",363.57,0.82,0.99,0.74,0.85,1.75,0.76,Çerçevelik
"88,160","1,191.03",494.96,227.77,"89,180",335.04,0.89,0.99,0.77,0.78,2.17,0.68,Çerçevelik
"100,880","1,254.28",501.70,256.99,"101,725",358.39,0.86,0.99,0.75,0.81,1.95,0.71,Çerçevelik
"66,847","1,029.01",406.48,211.07,"67,571",291.74,0.85,0.99,0.72,0.79,1.93,0.72,Çerçevelik
"84,336","1,140.95",443.20,244.67,"85,703",327.69,0.83,0.98,0.70,0.81,1.81,0.74,Çerçevelik
"71,163","1,059.19",411.07,222.03,"72,091",301.01,0.84,0.99,0.68,0.80,1.85,0.73,Çerçevelik
"72,584","1,070.89",429.14,217.14,"73,387",304.00,0.86,0.99,0.66,0.80,1.98,0.71,Çerçevelik
"81,573","1,099.55",414.95,250.90,"82,629",322.28,0.80,0.99,0.74,0.85,1.65,0.78,Çerçevelik
"74,330","1,062.75",408.60,233.35,"75,260",307.64,0.82,0.99,0.73,0.83,1.75,0.75,Çerçevelik
"66,347","1,016.96",406.94,208.40,"66,906",290.65,0.86,0.99,0.63,0.81,1.95,0.71,Çerçevelik
"83,925","1,126.20",420.71,255.95,"85,405",326.89,0.79,0.98,0.71,0.83,1.64,0.78,Çerçevelik
"95,944","1,227.96",492.38,248.86,"96,863",349.51,0.86,0.99,0.77,0.80,1.98,0.71,Çerçevelik
"61,105",959.09,371.93,209.87,"61,839",278.93,0.83,0.99,0.72,0.83,1.77,0.75,Çerçevelik
"77,419","1,083.21",416.82,237.93,"78,500",313.96,0.82,0.99,0.69,0.83,1.75,0.75,Çerçevelik
"93,235","1,216.57",490.98,242.39,"94,111",344.54,0.87,0.99,0.61,0.79,2.03,0.70,Çerçevelik
"73,366","1,060.26",416.92,224.88,"74,023",305.63,0.84,0.99,0.73,0.82,1.85,0.73,Çerçevelik
"81,137","1,126.70",426.44,244.03,"83,064",321.41,0.82,0.98,0.73,0.80,1.75,0.75,Çerçevelik
"79,977","1,106.74",439.70,233.07,"80,618",319.11,0.85,0.99,0.66,0.82,1.89,0.73,Çerçevelik
"81,254","1,099.52",417.36,249.07,"82,425",321.65,0.80,0.99,0.73,0.84,1.68,0.77,Çerçevelik
"81,606","1,098.52",433.41,240.45,"82,481",322.34,0.83,0.99,0.75,0.85,1.80,0.74,Çerçevelik
"84,936","1,144.80",458.10,236.98,"85,894",328.85,0.86,0.99,0.73,0.81,1.93,0.72,Çerçevelik
"90,230","1,204.87",485.00,238.38,"91,291",338.95,0.87,0.99,0.74,0.78,2.03,0.70,Çerçevelik
"83,736","1,108.28",431.52,248.08,"84,458",326.52,0.82,0.99,0.73,0.86,1.74,0.76,Çerçevelik
"61,319",941.43,353.69,222.14,"62,304",279.42,0.78,0.98,0.71,0.87,1.59,0.79,Çerçevelik
"79,594","1,089.05",434.80,233.69,"80,138",318.34,0.84,0.99,0.74,0.84,1.86,0.73,Çerçevelik
"92,432","1,124.04",402.66,292.96,"93,267",343.06,0.69,0.99,0.76,0.92,1.37,0.85,Çerçevelik
"65,719",987.52,391.97,214.30,"66,350",289.27,0.84,0.99,0.73,0.85,1.83,0.74,Çerçevelik
"88,973","1,203.50",490.86,232.23,"89,974",336.58,0.88,0.99,0.64,0.77,2.11,0.69,Çerçevelik
"67,063","1,007.98",396.59,215.62,"67,816",292.21,0.84,0.99,0.65,0.83,1.84,0.74,Çerçevelik
"81,467","1,097.77",426.44,244.23,"82,262",322.07,0.82,0.99,0.66,0.85,1.75,0.76,Çerçevelik
"85,054","1,180.49",488.09,222.62,"85,821",329.08,0.89,0.99,0.57,0.77,2.19,0.67,Çerçevelik
"73,815","1,060.85",423.79,222.83,"74,727",306.57,0.85,0.99,0.74,0.82,1.90,0.72,Çerçevelik
"63,918",971.85,377.83,216.87,"64,592",285.28,0.82,0.99,0.69,0.85,1.74,0.76,Çerçevelik
"81,258","1,169.03",477.92,217.84,"82,645",321.65,0.89,0.98,0.72,0.75,2.19,0.67,Çerçevelik
"84,904","1,094.92",414.74,261.25,"85,469",328.79,0.78,0.99,0.74,0.89,1.59,0.79,Çerçevelik
"71,821","1,043.69",411.54,223.00,"72,696",302.40,0.84,0.99,0.75,0.83,1.85,0.73,Çerçevelik
"72,953","1,034.28",405.96,229.73,"73,556",304.77,0.82,0.99,0.72,0.86,1.77,0.75,Çerçevelik
"67,977",986.40,379.36,228.89,"68,475",294.20,0.80,0.99,0.75,0.88,1.66,0.78,Çerçevelik
"79,826","1,135.08",466.60,219.19,"80,655",318.81,0.88,0.99,0.74,0.78,2.13,0.68,Çerçevelik
"70,646","1,049.48",418.76,216.41,"71,401",299.92,0.86,0.99,0.62,0.81,1.94,0.72,Çerçevelik
"80,620","1,115.31",442.97,233.85,"81,544",320.39,0.85,0.99,0.63,0.81,1.89,0.72,Çerçevelik
"85,866","1,151.61",462.97,239.40,"86,697",330.65,0.86,0.99,0.68,0.81,1.93,0.71,Çerçevelik
"74,110","1,035.74",400.48,236.17,"74,794",307.18,0.81,0.99,0.74,0.87,1.70,0.77,Çerçevelik
"81,302","1,106.05",440.86,235.64,"82,106",321.74,0.85,0.99,0.72,0.84,1.87,0.73,Çerçevelik
"74,432","1,102.10",454.21,210.24,"75,133",307.85,0.89,0.99,0.71,0.77,2.16,0.68,Çerçevelik
"68,147",990.12,380.19,228.96,"68,743",294.56,0.80,0.99,0.69,0.87,1.66,0.77,Çerçevelik
"68,837","1,017.96",397.08,223.00,"69,600",296.05,0.83,0.99,0.68,0.83,1.78,0.75,Çerçevelik
"85,336","1,136.47",449.14,242.71,"86,123",329.63,0.84,0.99,0.69,0.83,1.85,0.73,Çerçevelik
"80,648","1,145.72",468.34,221.02,"81,619",320.44,0.88,0.99,0.72,0.77,2.12,0.68,Çerçevelik
"86,107","1,126.05",431.08,254.59,"86,879",331.11,0.81,0.99,0.70,0.85,1.69,0.77,Çerçevelik
"72,792","1,058.48",431.69,215.15,"73,492",304.44,0.87,0.99,0.76,0.82,2.01,0.71,Çerçevelik
"67,696",996.14,387.97,222.86,"68,266",293.59,0.82,0.99,0.76,0.86,1.74,0.76,Çerçevelik
"79,177","1,094.16",432.99,233.18,"79,966",317.51,0.84,0.99,0.66,0.83,1.86,0.73,Çerçevelik
"84,062","1,148.46",450.23,239.30,"85,178",327.16,0.85,0.99,0.74,0.80,1.88,0.73,Çerçevelik
"82,231","1,117.64",441.52,237.79,"83,179",323.57,0.84,0.99,0.74,0.83,1.86,0.73,Çerçevelik
"81,788","1,106.00",437.09,239.05,"82,515",322.70,0.84,0.99,0.75,0.84,1.83,0.74,Çerçevelik
"58,377",924.34,347.67,214.43,"59,132",272.63,0.79,0.99,0.70,0.86,1.62,0.78,Çerçevelik
"84,842","1,130.45",429.43,253.51,"86,185",328.67,0.81,0.98,0.69,0.83,1.69,0.77,Çerçevelik
"73,684","1,097.22",439.43,214.94,"74,677",306.30,0.87,0.99,0.68,0.77,2.04,0.70,Çerçevelik
"73,922","1,083.17",427.77,221.13,"74,771",306.79,0.86,0.99,0.66,0.79,1.93,0.72,Çerçevelik
"86,441","1,158.48",458.01,241.13,"87,218",331.75,0.85,0.99,0.65,0.81,1.90,0.72,Çerçevelik
"80,519","1,105.28",435.69,236.24,"81,250",320.19,0.84,0.99,0.74,0.83,1.84,0.73,Çerçevelik
"105,143","1,299.20",528.16,254.06,"105,965",365.89,0.88,0.99,0.61,0.78,2.08,0.69,Çerçevelik
"77,170","1,087.62",419.47,235.07,"78,206",313.46,0.83,0.99,0.73,0.82,1.78,0.75,Çerçevelik
"87,064","1,142.39",443.52,250.92,"87,988",332.95,0.82,0.99,0.75,0.84,1.77,0.75,Çerçevelik
"92,150","1,202.61",469.34,251.19,"93,174",342.53,0.84,0.99,0.73,0.80,1.87,0.73,Çerçevelik
"84,765","1,153.65",461.31,235.26,"85,715",328.52,0.86,0.99,0.72,0.80,1.96,0.71,Çerçevelik
"68,434",998.35,383.40,228.10,"69,046",295.18,0.80,0.99,0.77,0.86,1.68,0.77,Çerçevelik
"79,384","1,108.92",439.41,231.17,"80,331",317.92,0.85,0.99,0.68,0.81,1.90,0.72,Çerçevelik
"103,248","1,253.28",489.61,269.43,"104,423",362.57,0.84,0.99,0.66,0.83,1.82,0.74,Çerçevelik
"65,832",985.63,382.87,220.85,"66,718",289.52,0.82,0.99,0.73,0.85,1.73,0.76,Çerçevelik
"79,103","1,137.09",470.89,214.59,"79,992",317.36,0.89,0.99,0.59,0.77,2.19,0.67,Çerçevelik
"75,758","1,065.17",412.83,234.53,"76,655",310.58,0.82,0.99,0.75,0.84,1.76,0.75,Çerçevelik
"86,858","1,145.16",443.68,251.48,"87,886",332.55,0.82,0.99,0.66,0.83,1.76,0.75,Çerçevelik
"82,271","1,099.58",433.26,242.28,"82,938",323.65,0.83,0.99,0.73,0.86,1.79,0.75,Çerçevelik
"94,617","1,190.02",472.31,255.82,"95,364",347.09,0.84,0.99,0.72,0.84,1.85,0.73,Çerçevelik
"97,634","1,157.57",416.08,300.58,"98,478",352.58,0.69,0.99,0.72,0.92,1.38,0.85,Çerçevelik
"79,213","1,061.67",399.82,253.26,"79,814",317.58,0.77,0.99,0.74,0.88,1.58,0.79,Çerçevelik
"104,191","1,244.68",480.56,279.04,"105,169",364.23,0.81,0.99,0.73,0.85,1.72,0.76,Çerçevelik
"72,049","1,023.78",398.39,230.59,"72,732",302.88,0.82,0.99,0.76,0.86,1.73,0.76,Çerçevelik
"74,979","1,063.48",415.09,231.23,"75,767",308.98,0.83,0.99,0.66,0.83,1.80,0.74,Çerçevelik
"75,917","1,069.41",420.29,230.62,"76,613",310.90,0.84,0.99,0.71,0.83,1.82,0.74,Çerçevelik
"83,502","1,131.09",444.11,240.77,"84,808",326.06,0.84,0.98,0.66,0.82,1.84,0.73,Çerçevelik
"75,732","1,079.11",416.12,234.01,"76,671",310.52,0.83,0.99,0.66,0.82,1.78,0.75,Çerçevelik
"75,637","1,076.37",429.06,225.60,"76,453",310.33,0.85,0.99,0.74,0.82,1.90,0.72,Çerçevelik
"71,014","1,019.29",396.74,229.00,"71,649",300.70,0.82,0.99,0.67,0.86,1.73,0.76,Çerçevelik
"72,013","1,055.34",414.47,222.35,"72,878",302.80,0.84,0.99,0.67,0.81,1.86,0.73,Çerçevelik
"92,886","1,169.57",451.49,263.75,"93,946",343.90,0.81,0.99,0.72,0.85,1.71,0.76,Çerçevelik
"80,288","1,193.41",496.21,207.56,"82,781",319.73,0.91,0.97,0.60,0.71,2.39,0.64,Çerçevelik
"66,703","1,012.30",400.76,212.77,"67,626",291.43,0.85,0.99,0.74,0.82,1.88,0.73,Çerçevelik
"88,345","1,144.07",445.93,253.12,"89,255",335.39,0.82,0.99,0.75,0.85,1.76,0.75,Çerçevelik
"86,421","1,137.19",452.71,243.64,"87,110",331.71,0.84,0.99,0.75,0.84,1.86,0.73,Çerçevelik
"94,386","1,243.46",507.71,238.34,"95,401",346.66,0.88,0.99,0.64,0.77,2.13,0.68,Çerçevelik
"70,981","1,023.75",406.66,222.69,"71,484",300.63,0.84,0.99,0.67,0.85,1.83,0.74,Çerçevelik
"74,491","1,102.15",459.05,207.60,"75,267",307.97,0.89,0.99,0.73,0.77,2.21,0.67,Çerçevelik
"78,956","1,055.23",394.88,255.85,"79,664",317.06,0.76,0.99,0.74,0.89,1.54,0.80,Çerçevelik
"96,523","1,200.99",476.59,258.68,"97,335",350.57,0.84,0.99,0.73,0.84,1.84,0.74,Çerçevelik
"72,689","1,037.83",407.69,227.53,"73,322",304.22,0.83,0.99,0.66,0.85,1.79,0.75,Çerçevelik
"58,486",934.94,346.94,216.25,"59,642",272.89,0.78,0.98,0.71,0.84,1.60,0.79,Çerçevelik
"104,263","1,261.53",488.86,272.72,"105,537",364.35,0.83,0.99,0.68,0.82,1.79,0.75,Çerçevelik
"80,595","1,130.05",452.62,228.48,"81,798",320.34,0.86,0.99,0.61,0.79,1.98,0.71,Çerçevelik
"75,850","1,078.10",431.62,225.34,"76,640",310.77,0.85,0.99,0.72,0.82,1.92,0.72,Çerçevelik
"72,612","1,058.42",423.35,219.32,"73,540",304.06,0.86,0.99,0.61,0.81,1.93,0.72,Çerçevelik
"88,884","1,139.61",433.45,262.67,"90,035",336.41,0.80,0.99,0.71,0.86,1.65,0.78,Çerçevelik
"90,812","1,191.95",481.01,241.92,"91,662",340.04,0.86,0.99,0.75,0.80,1.99,0.71,Çerçevelik
"70,233","1,031.70",410.99,218.40,"70,882",299.04,0.85,0.99,0.75,0.83,1.88,0.73,Çerçevelik
"85,924","1,113.97",428.25,256.89,"86,515",330.76,0.80,0.99,0.72,0.87,1.67,0.77,Çerçevelik
"103,976","1,243.40",485.71,273.27,"104,760",363.85,0.83,0.99,0.73,0.85,1.78,0.75,Çerçevelik
"69,428",996.39,379.88,233.90,"69,990",297.32,0.79,0.99,0.74,0.88,1.62,0.78,Çerçevelik
"65,628",991.20,380.96,222.51,"66,407",289.07,0.81,0.99,0.72,0.84,1.71,0.76,Çerçevelik
"91,283","1,179.86",460.45,252.89,"92,261",340.92,0.84,0.99,0.66,0.82,1.82,0.74,Çerçevelik
"73,550","1,076.89",433.82,216.69,"74,260",306.02,0.87,0.99,0.71,0.80,2.00,0.71,Çerçevelik
"70,202","1,076.39",439.22,204.58,"71,425",298.97,0.88,0.98,0.75,0.76,2.15,0.68,Çerçevelik
"97,967","1,187.56",454.16,275.54,"98,698",353.18,0.79,0.99,0.74,0.87,1.65,0.78,Çerçevelik
"77,928","1,094.81",432.73,230.12,"78,722",314.99,0.85,0.99,0.72,0.82,1.88,0.73,Çerçevelik
"73,284","1,055.04",410.83,227.74,"73,894",305.46,0.83,0.99,0.77,0.83,1.80,0.74,Çerçevelik
"76,992","1,149.73",475.95,207.68,"77,948",313.10,0.90,0.99,0.70,0.73,2.29,0.66,Çerçevelik
"93,244","1,193.88",464.94,257.08,"94,747",344.56,0.83,0.98,0.74,0.82,1.81,0.74,Çerçevelik
"89,531","1,147.19",437.40,261.53,"90,753",337.63,0.80,0.99,0.74,0.85,1.67,0.77,Çerçevelik
"91,618","1,180.49",459.52,254.44,"92,429",341.54,0.83,0.99,0.74,0.83,1.81,0.74,Çerçevelik
"66,737","1,010.43",386.96,221.92,"67,688",291.50,0.82,0.99,0.72,0.82,1.74,0.75,Çerçevelik
"70,719","1,042.69",408.85,221.10,"71,514",300.07,0.84,0.99,0.75,0.82,1.85,0.73,Çerçevelik
"84,532","1,142.35",445.19,244.02,"85,459",328.07,0.84,0.99,0.74,0.81,1.82,0.74,Çerçevelik
"69,250",994.13,367.31,240.42,"69,960",296.94,0.76,0.99,0.72,0.88,1.53,0.81,Çerçevelik
"91,825","1,178.54",456.13,257.57,"92,739",341.93,0.83,0.99,0.74,0.83,1.77,0.75,Çerçevelik
"73,772","1,078.57",433.10,218.69,"74,572",306.48,0.86,0.99,0.71,0.80,1.98,0.71,Çerçevelik
"81,266","1,173.69",476.97,219.18,"82,407",321.67,0.89,0.99,0.70,0.74,2.18,0.67,Çerçevelik
"94,132","1,182.42",457.49,263.05,"95,285",346.20,0.82,0.99,0.76,0.85,1.74,0.76,Çerçevelik
"69,409","1,018.51",384.02,231.96,"70,095",297.28,0.80,0.99,0.69,0.84,1.66,0.77,Çerçevelik
"83,120","1,098.42",415.75,255.08,"83,880",325.32,0.79,0.99,0.73,0.87,1.63,0.78,Çerçevelik
"83,188","1,101.60",383.75,278.48,"84,738",325.45,0.69,0.98,0.71,0.86,1.38,0.85,Çerçevelik
"91,099","1,190.94",458.94,254.12,"92,367",340.57,0.83,0.99,0.73,0.81,1.81,0.74,Çerçevelik
"74,279","1,078.30",433.93,218.64,"75,155",307.53,0.86,0.99,0.70,0.80,1.98,0.71,Çerçevelik
"93,470","1,197.95",457.10,262.32,"95,359",344.98,0.82,0.98,0.72,0.82,1.74,0.75,Çerçevelik
"68,964","1,040.82",407.20,218.73,"70,045",296.32,0.84,0.98,0.63,0.80,1.86,0.73,Çerçevelik
"91,813","1,159.02",450.08,260.74,"92,565",341.91,0.82,0.99,0.68,0.86,1.73,0.76,Çerçevelik
"73,315","1,041.83",398.22,234.94,"73,946",305.53,0.81,0.99,0.70,0.85,1.70,0.77,Çerçevelik
"89,246","1,153.01",448.99,255.18,"90,921",337.09,0.82,0.98,0.66,0.84,1.76,0.75,Çerçevelik
"91,062","1,205.28",487.91,238.83,"91,869",340.51,0.87,0.99,0.74,0.79,2.04,0.70,Çerçevelik
"64,769",955.05,353.08,234.50,"65,396",287.17,0.75,0.99,0.74,0.89,1.51,0.81,Çerçevelik
"72,497","1,062.68",413.33,224.48,"73,597",303.82,0.84,0.99,0.75,0.81,1.84,0.74,Çerçevelik
"102,333","1,273.39",500.55,261.68,"103,529",360.96,0.85,0.99,0.68,0.79,1.91,0.72,Çerçevelik
"85,214","1,189.30",478.33,229.36,"86,598",329.39,0.88,0.98,0.72,0.76,2.09,0.69,Çerçevelik
"87,576","1,158.62",459.78,243.71,"88,477",333.92,0.85,0.99,0.64,0.82,1.89,0.73,Çerçevelik
"68,318","1,025.60",413.56,211.43,"69,097",294.93,0.86,0.99,0.69,0.82,1.96,0.71,Çerçevelik
"78,931","1,129.77",463.25,218.15,"79,754",317.01,0.88,0.99,0.62,0.78,2.12,0.68,Çerçevelik
"97,283","1,206.82",469.21,264.68,"98,267",351.94,0.83,0.99,0.74,0.84,1.77,0.75,Çerçevelik
"64,193",989.74,388.89,210.85,"64,846",285.89,0.84,0.99,0.66,0.82,1.84,0.74,Çerçevelik
"76,245","1,088.16",427.43,227.92,"77,196",311.57,0.85,0.99,0.65,0.81,1.88,0.73,Çerçevelik
"86,855","1,129.10",441.86,251.25,"87,509",332.55,0.82,0.99,0.72,0.86,1.76,0.75,Çerçevelik
"68,258","1,010.95",404.75,215.54,"68,903",294.80,0.85,0.99,0.65,0.84,1.88,0.73,Çerçevelik
"83,271","1,124.85",452.38,235.34,"83,985",325.61,0.85,0.99,0.75,0.83,1.92,0.72,Çerçevelik
"78,741","1,118.09",451.52,223.83,"80,008",316.63,0.87,0.98,0.76,0.79,2.02,0.70,Çerçevelik
"86,993","1,156.07",449.88,247.23,"87,968",332.81,0.84,0.99,0.71,0.82,1.82,0.74,Çerçevelik
"59,868",945.82,372.16,206.54,"60,377",276.09,0.83,0.99,0.68,0.84,1.80,0.74,Çerçevelik
"71,097","1,033.83",401.27,226.84,"71,757",300.87,0.82,0.99,0.66,0.84,1.77,0.75,Çerçevelik
"72,286","1,052.39",421.82,218.80,"73,030",303.38,0.85,0.99,0.64,0.82,1.93,0.72,Çerçevelik
"72,812","1,076.59",431.64,216.65,"73,814",304.48,0.86,0.99,0.72,0.79,1.99,0.71,Çerçevelik
"103,189","1,240.12",479.83,274.81,"104,187",362.47,0.82,0.99,0.70,0.84,1.75,0.76,Çerçevelik
"65,787","1,021.13",409.18,205.60,"66,648",289.42,0.86,0.99,0.61,0.79,1.99,0.71,Çerçevelik
"90,845","1,116.38",411.27,282.17,"91,566",340.10,0.73,0.99,0.74,0.92,1.46,0.83,Çerçevelik
"92,261","1,204.78",486.95,242.05,"93,162",342.74,0.87,0.99,0.72,0.80,2.01,0.70,Çerçevelik
"80,996","1,104.42",433.96,238.85,"81,776",321.13,0.83,0.99,0.75,0.83,1.82,0.74,Çerçevelik
"72,786","1,033.42",387.30,240.82,"73,835",304.42,0.78,0.99,0.73,0.86,1.61,0.79,Çerçevelik
"67,440","1,041.39",417.95,206.90,"68,744",293.03,0.87,0.98,0.73,0.78,2.02,0.70,Çerçevelik
"87,065","1,162.50",452.86,245.70,"88,043",332.95,0.84,0.99,0.74,0.81,1.84,0.74,Çerçevelik
"92,063","1,193.47",467.89,252.26,"93,035",342.37,0.84,0.99,0.70,0.81,1.85,0.73,Çerçevelik
"72,470","1,023.37",388.22,238.77,"73,097",303.76,0.79,0.99,0.75,0.87,1.63,0.78,Çerçevelik
"96,581","1,191.02",455.95,270.64,"97,524",350.67,0.80,0.99,0.73,0.86,1.68,0.77,Çerçevelik
"80,759","1,151.80",470.98,219.52,"81,722",320.66,0.88,0.99,0.76,0.77,2.15,0.68,Çerçevelik
"75,842","1,062.28",412.36,235.45,"76,588",310.75,0.82,0.99,0.73,0.84,1.75,0.75,Çerçevelik
"62,381",958.39,353.40,225.60,"63,216",281.83,0.77,0.99,0.71,0.85,1.57,0.80,Çerçevelik
"84,979","1,150.64",449.39,241.86,"85,987",328.94,0.84,0.99,0.70,0.81,1.86,0.73,Çerçevelik
"107,323","1,336.95",527.30,260.10,"108,536",369.66,0.87,0.99,0.74,0.75,2.03,0.70,Çerçevelik
"97,497","1,223.06",468.63,266.22,"98,484",352.33,0.82,0.99,0.73,0.82,1.76,0.75,Çerçevelik
"104,814","1,247.83",471.00,284.54,"105,956",365.31,0.80,0.99,0.73,0.85,1.66,0.78,Çerçevelik
"84,038","1,158.54",460.56,233.43,"85,052",327.11,0.86,0.99,0.71,0.79,1.97,0.71,Çerçevelik
"72,838","1,058.24",405.63,230.25,"73,726",304.53,0.82,0.99,0.67,0.82,1.76,0.75,Çerçevelik
"71,121","1,068.83",431.34,210.83,"71,930",300.92,0.87,0.99,0.75,0.78,2.05,0.70,Çerçevelik
"68,165","1,009.39",380.10,229.46,"68,853",294.60,0.80,0.99,0.75,0.84,1.66,0.78,Çerçevelik
"75,084","1,035.30",388.44,246.82,"75,950",309.19,0.77,0.99,0.75,0.88,1.57,0.80,Çerçevelik
"88,354","1,211.18",485.50,233.60,"89,759",335.40,0.88,0.98,0.59,0.76,2.08,0.69,Çerçevelik
"86,511","1,131.45",430.66,256.77,"87,397",331.89,0.80,0.99,0.75,0.85,1.68,0.77,Çerçevelik
"84,980","1,124.35",424.36,256.04,"86,060",328.94,0.80,0.99,0.70,0.84,1.66,0.78,Çerçevelik
"90,161","1,156.97",433.64,266.43,"91,112",338.82,0.79,0.99,0.71,0.85,1.63,0.78,Çerçevelik
"65,024",964.93,360.97,230.49,"65,576",287.73,0.77,0.99,0.75,0.88,1.57,0.80,Çerçevelik
"88,773","1,198.42",474.21,238.64,"89,602",336.20,0.86,0.99,0.64,0.78,1.99,0.71,Çerçevelik
"68,837","1,022.95",399.29,220.14,"69,510",296.05,0.83,0.99,0.69,0.83,1.81,0.74,Çerçevelik
"89,861","1,190.09",478.78,239.61,"90,943",338.25,0.87,0.99,0.62,0.80,2.00,0.71,Çerçevelik
"86,097","1,141.61",441.47,249.74,"87,146",331.09,0.82,0.99,0.72,0.83,1.77,0.75,Çerçevelik
"75,834","1,057.73",414.18,234.19,"76,458",310.73,0.82,0.99,0.73,0.85,1.77,0.75,Çerçevelik
"66,204","1,006.74",320.84,279.30,"67,295",290.33,0.49,0.98,0.63,0.82,1.15,0.90,Çerçevelik
"69,537","1,020.12",404.48,219.49,"70,179",297.55,0.84,0.99,0.76,0.84,1.84,0.74,Çerçevelik
"70,910","1,031.84",394.22,229.95,"71,725",300.48,0.81,0.99,0.74,0.84,1.71,0.76,Çerçevelik
"78,984","1,105.93",437.57,230.84,"80,011",317.12,0.85,0.99,0.70,0.81,1.90,0.72,Çerçevelik
"91,652","1,195.96",446.36,262.74,"93,654",341.61,0.81,0.98,0.74,0.81,1.70,0.77,Çerçevelik
"75,035","1,092.21",439.54,218.71,"75,771",309.09,0.87,0.99,0.60,0.79,2.01,0.70,Çerçevelik
"73,492","1,078.68",425.36,221.30,"74,329",305.90,0.85,0.99,0.69,0.79,1.92,0.72,Çerçevelik
"95,827","1,214.57",473.23,260.59,"97,179",349.30,0.83,0.99,0.71,0.82,1.82,0.74,Çerçevelik
"79,578","1,083.11",417.17,244.14,"80,361",318.31,0.81,0.99,0.70,0.85,1.71,0.76,Çerçevelik
"59,260","1,007.88",413.39,185.84,"60,066",274.69,0.89,0.99,0.74,0.73,2.22,0.66,Çerçevelik
"80,861","1,158.95",471.86,220.24,"81,771",320.87,0.88,0.99,0.59,0.76,2.14,0.68,Çerçevelik
"94,907","1,165.42",447.27,271.34,"95,558",347.62,0.80,0.99,0.75,0.88,1.65,0.78,Çerçevelik
"76,780","1,078.23",426.14,231.13,"77,503",312.66,0.84,0.99,0.70,0.83,1.84,0.73,Çerçevelik
"73,218","1,051.32",409.18,228.75,"74,072",305.33,0.83,0.99,0.69,0.83,1.79,0.75,Çerçevelik
"89,286","1,158.67",449.71,253.66,"90,460",337.17,0.83,0.99,0.74,0.84,1.77,0.75,Çerçevelik
"85,705","1,173.88",443.10,252.82,"87,349",330.34,0.82,0.98,0.59,0.78,1.75,0.75,Çerçevelik
"73,159","1,073.67",434.24,214.93,"73,874",305.20,0.87,0.99,0.70,0.80,2.02,0.70,Çerçevelik
"72,238","1,053.34",421.94,219.29,"73,015",303.28,0.85,0.99,0.74,0.82,1.92,0.72,Çerçevelik
"62,878",963.48,374.39,214.68,"63,487",282.95,0.82,0.99,0.68,0.85,1.74,0.76,Çerçevelik
"98,057","1,245.76",494.19,255.11,"99,281",353.34,0.86,0.99,0.62,0.79,1.94,0.72,Çerçevelik
"74,397","1,061.22",411.35,231.06,"75,355",307.77,0.83,0.99,0.73,0.83,1.78,0.75,Çerçevelik
"82,560","1,129.07",452.62,233.06,"83,366",324.22,0.86,0.99,0.73,0.81,1.94,0.72,Çerçevelik
"79,189","1,142.72",478.80,211.69,"79,869",317.53,0.90,0.99,0.57,0.76,2.26,0.66,Çerçevelik
"69,138","1,014.49",400.17,220.64,"69,900",296.70,0.83,0.99,0.72,0.84,1.81,0.74,Çerçevelik
"68,894","1,012.91",399.62,219.67,"69,476",296.17,0.84,0.99,0.72,0.84,1.82,0.74,Çerçevelik
"70,796","1,016.39",387.44,233.69,"71,449",300.23,0.80,0.99,0.68,0.86,1.66,0.77,Çerçevelik
"67,314","1,012.59",400.42,215.22,"67,997",292.76,0.84,0.99,0.66,0.83,1.86,0.73,Çerçevelik
"95,732","1,196.02",471.26,260.17,"96,712",349.13,0.83,0.99,0.73,0.84,1.81,0.74,Çerçevelik
"65,336","1,004.30",393.76,211.96,"66,049",288.42,0.84,0.99,0.67,0.81,1.86,0.73,Çerçevelik
"72,664","1,051.94",417.18,223.91,"73,380",304.17,0.84,0.99,0.64,0.83,1.86,0.73,Çerçevelik
"88,983","1,150.64",450.51,252.66,"89,593",336.60,0.83,0.99,0.70,0.84,1.78,0.75,Çerçevelik
"72,500","1,056.03",422.96,219.35,"73,252",303.83,0.86,0.99,0.75,0.82,1.93,0.72,Çerçevelik
"71,895","1,031.53",404.41,227.55,"72,678",302.56,0.83,0.99,0.69,0.85,1.78,0.75,Çerçevelik
"73,703","1,065.98",422.36,223.39,"74,461",306.34,0.85,0.99,0.64,0.82,1.89,0.73,Çerçevelik
"74,188","1,139.76",471.50,203.92,"75,631",307.34,0.90,0.98,0.60,0.72,2.31,0.65,Çerçevelik
"85,339","1,124.95",439.08,249.19,"86,265",329.63,0.82,0.99,0.75,0.85,1.76,0.75,Çerçevelik
"71,372","1,076.03",420.35,216.71,"72,015",301.45,0.86,0.99,0.71,0.77,1.94,0.72,Çerçevelik
"69,799","1,015.90",398.99,223.47,"70,476",298.11,0.83,0.99,0.75,0.85,1.79,0.75,Çerçevelik
"69,792","1,054.11",418.16,214.40,"70,460",298.10,0.86,0.99,0.66,0.79,1.95,0.71,Çerçevelik
"75,331","1,047.75",394.81,244.92,"76,108",309.70,0.78,0.99,0.70,0.86,1.61,0.78,Çerçevelik
"93,246","1,164.45",445.38,267.29,"94,039",344.56,0.80,0.99,0.76,0.86,1.67,0.77,Çerçevelik
"106,188","1,256.14",477.38,285.40,"107,392",367.70,0.80,0.99,0.70,0.85,1.67,0.77,Çerçevelik
"74,308","1,072.88",428.36,221.21,"74,988",307.59,0.86,0.99,0.72,0.81,1.94,0.72,Çerçevelik
"78,124","1,098.84",434.81,229.36,"78,963",315.39,0.85,0.99,0.71,0.81,1.90,0.73,Çerçevelik
"67,334","1,016.59",400.15,215.13,"68,040",292.80,0.84,0.99,0.74,0.82,1.86,0.73,Çerçevelik
"100,253","1,266.91",505.54,254.12,"101,478",357.28,0.86,0.99,0.75,0.78,1.99,0.71,Çerçevelik
"101,525","1,240.39",462.71,280.53,"103,105",359.54,0.80,0.98,0.73,0.83,1.65,0.78,Çerçevelik
"92,472","1,160.85",439.70,269.58,"93,335",343.13,0.79,0.99,0.74,0.86,1.63,0.78,Çerçevelik
"69,621","1,055.94",427.14,207.89,"70,399",297.73,0.87,0.99,0.62,0.78,2.05,0.70,Çerçevelik
"72,003","1,064.09",421.52,218.40,"72,712",302.78,0.86,0.99,0.72,0.80,1.93,0.72,Çerçevelik
"87,277","1,216.71",498.71,223.84,"88,147",333.35,0.89,0.99,0.74,0.74,2.23,0.67,Çerçevelik
"82,992","1,119.28",422.53,250.70,"83,998",325.07,0.81,0.99,0.71,0.83,1.69,0.77,Çerçevelik
"77,464","1,081.17",413.39,239.57,"78,381",314.05,0.82,0.99,0.74,0.83,1.73,0.76,Çerçevelik
"91,673","1,167.78",455.97,256.51,"92,386",341.65,0.83,0.99,0.74,0.84,1.78,0.75,Çerçevelik
"86,117","1,140.90",447.84,246.28,"86,828",331.13,0.84,0.99,0.69,0.83,1.82,0.74,Çerçevelik
"71,826","1,058.16",413.69,222.34,"72,694",302.41,0.84,0.99,0.67,0.81,1.86,0.73,Çerçevelik
"62,802",992.85,383.66,210.61,"63,705",282.78,0.84,0.99,0.70,0.80,1.82,0.74,Çerçevelik
"68,106","1,033.96",404.63,214.81,"68,937",294.47,0.85,0.99,0.71,0.80,1.88,0.73,Çerçevelik
"77,680","1,118.26",459.75,216.71,"78,468",314.49,0.88,0.99,0.64,0.78,2.12,0.68,Çerçevelik
"77,279","1,069.32",409.93,241.67,"78,078",313.68,0.81,0.99,0.70,0.85,1.70,0.77,Çerçevelik
"68,983","1,016.51",400.07,220.79,"69,576",296.36,0.83,0.99,0.73,0.84,1.81,0.74,Çerçevelik
"95,747","1,173.87",444.60,276.91,"96,971",349.15,0.78,0.99,0.74,0.87,1.61,0.79,Çerçevelik
"71,069","1,043.66",407.91,222.76,"71,891",300.81,0.84,0.99,0.73,0.82,1.83,0.74,Çerçevelik
"73,013","1,043.78",419.77,222.04,"73,552",304.90,0.85,0.99,0.74,0.84,1.89,0.73,Çerçevelik
"68,063","1,019.49",404.24,214.85,"68,660",294.38,0.85,0.99,0.65,0.82,1.88,0.73,Çerçevelik
"86,775","1,141.66",446.92,248.61,"87,550",332.39,0.83,0.99,0.73,0.84,1.80,0.74,Çerçevelik
"76,461","1,060.71",406.94,240.88,"77,449",312.01,0.81,0.99,0.72,0.85,1.69,0.77,Çerçevelik
"84,473","1,157.59",457.51,236.03,"85,365",327.95,0.86,0.99,0.63,0.79,1.94,0.72,Çerçevelik
"65,205",959.32,359.75,231.60,"65,902",288.13,0.77,0.99,0.75,0.89,1.55,0.80,Çerçevelik
"70,747","1,034.57",409.98,220.35,"71,324",300.13,0.84,0.99,0.70,0.83,1.86,0.73,Çerçevelik
"73,471","1,063.94",426.23,220.50,"74,202",305.85,0.86,0.99,0.63,0.82,1.93,0.72,Çerçevelik
"61,712","1,122.67",370.23,214.47,"62,992",280.31,0.82,0.98,0.70,0.62,1.73,0.76,Çerçevelik
"81,737","1,144.46",469.13,222.89,"82,574",322.60,0.88,0.99,0.74,0.78,2.10,0.69,Çerçevelik
"73,594","1,083.48",437.01,215.17,"74,455",306.11,0.87,0.99,0.61,0.79,2.03,0.70,Çerçevelik
"80,305","1,116.95",448.21,229.00,"81,060",319.76,0.86,0.99,0.66,0.81,1.96,0.71,Çerçevelik
"83,202","1,128.54",447.16,237.71,"83,888",325.48,0.85,0.99,0.67,0.82,1.88,0.73,Çerçevelik
"87,264","1,158.70",463.82,240.58,"88,036",333.33,0.86,0.99,0.66,0.82,1.93,0.72,Çerçevelik
"91,078","1,162.16",452.36,257.23,"92,339",340.54,0.82,0.99,0.73,0.85,1.76,0.75,Çerçevelik
"75,571","1,077.39",437.76,220.70,"76,212",310.19,0.86,0.99,0.62,0.82,1.98,0.71,Çerçevelik
"104,272","1,209.48",436.06,305.82,"105,567",364.37,0.71,0.99,0.74,0.90,1.43,0.84,Çerçevelik
"75,675","1,067.18",409.00,236.69,"76,796",310.41,0.82,0.99,0.66,0.84,1.73,0.76,Çerçevelik
"86,667","1,159.45",470.47,235.20,"87,365",332.19,0.87,0.99,0.74,0.81,2.00,0.71,Çerçevelik
"92,116","1,200.82",480.45,245.73,"92,936",342.47,0.86,0.99,0.69,0.80,1.96,0.71,Çerçevelik
"57,665",889.40,331.69,222.65,"58,157",270.96,0.74,0.99,0.72,0.92,1.49,0.82,Çerçevelik
"91,155","1,192.48",477.06,244.35,"91,952",340.68,0.86,0.99,0.68,0.81,1.95,0.71,Çerçevelik
"86,767","1,168.61",474.24,233.57,"87,474",332.38,0.87,0.99,0.62,0.80,2.03,0.70,Çerçevelik
"86,206","1,120.90",432.52,254.80,"87,038",331.30,0.81,0.99,0.72,0.86,1.70,0.77,Çerçevelik
"68,297",980.86,374.22,232.96,"68,817",294.89,0.78,0.99,0.76,0.89,1.61,0.79,Çerçevelik
"77,957","1,080.96",426.98,233.72,"78,761",315.05,0.84,0.99,0.72,0.84,1.83,0.74,Çerçevelik
"89,964","1,133.33",431.77,265.76,"90,539",338.45,0.79,0.99,0.75,0.88,1.62,0.78,Çerçevelik
"78,541","1,101.77",433.19,232.62,"79,537",316.23,0.84,0.99,0.73,0.81,1.86,0.73,Çerçevelik
"61,809",964.59,380.86,207.69,"62,386",280.53,0.84,0.99,0.75,0.83,1.83,0.74,Çerçevelik
"74,924","1,089.78",439.79,217.93,"75,977",308.86,0.87,0.99,0.61,0.79,2.02,0.70,Çerçevelik
"63,159",949.66,361.82,223.03,"63,663",283.58,0.79,0.99,0.71,0.88,1.62,0.78,Çerçevelik
"96,049","1,223.51",495.20,247.61,"96,753",349.70,0.87,0.99,0.71,0.81,2.00,0.71,Çerçevelik
"89,824","1,172.14",467.13,245.78,"90,705",338.18,0.85,0.99,0.65,0.82,1.90,0.72,Çerçevelik
"60,885",938.94,360.65,215.73,"61,411",278.43,0.80,0.99,0.74,0.87,1.67,0.77,Çerçevelik
"68,275","1,008.57",396.58,220.21,"69,100",294.84,0.83,0.99,0.73,0.84,1.80,0.74,Çerçevelik
"72,689","1,031.99",405.12,228.90,"73,271",304.22,0.83,0.99,0.72,0.86,1.77,0.75,Çerçevelik
"95,095","1,210.27",465.31,262.30,"96,519",347.96,0.83,0.99,0.73,0.82,1.77,0.75,Çerçevelik
"81,198","1,118.63",444.94,233.42,"81,990",321.53,0.85,0.99,0.71,0.82,1.91,0.72,Çerçevelik
"64,276","1,002.30",366.15,226.64,"65,696",286.07,0.79,0.98,0.74,0.80,1.62,0.78,Çerçevelik
"77,715","1,059.27",403.27,246.88,"78,525",314.56,0.79,0.99,0.74,0.87,1.63,0.78,Çerçevelik
"69,528","1,049.35",414.53,215.18,"70,426",297.53,0.85,0.99,0.61,0.79,1.93,0.72,Çerçevelik
"59,466",912.15,340.70,222.96,"59,949",275.16,0.76,0.99,0.74,0.90,1.53,0.81,Çerçevelik
"78,502","1,079.33",421.69,237.98,"79,204",316.15,0.83,0.99,0.73,0.85,1.77,0.75,Çerçevelik
"76,910","1,146.88",483.59,203.56,"77,745",312.93,0.91,0.99,0.76,0.73,2.38,0.65,Ürgüp Sivrisi
"118,751","1,468.22",629.72,240.98,"120,036",388.84,0.92,0.99,0.74,0.69,2.61,0.62,Ürgüp Sivrisi
"86,565","1,215.70",508.16,218.31,"87,292",331.99,0.90,0.99,0.72,0.74,2.33,0.65,Ürgüp Sivrisi
"72,106","1,131.14",484.92,193.10,"72,800",303.00,0.92,0.99,0.62,0.71,2.51,0.62,Ürgüp Sivrisi
"86,686","1,208.54",509.72,216.93,"87,352",332.22,0.90,0.99,0.74,0.75,2.35,0.65,Ürgüp Sivrisi
"91,703","1,279.03",549.69,213.08,"92,721",341.70,0.92,0.99,0.72,0.70,2.58,0.62,Ürgüp Sivrisi
"97,531","1,262.20",517.79,241.32,"98,317",352.39,0.88,0.99,0.73,0.77,2.15,0.68,Ürgüp Sivrisi
"78,118","1,123.45",463.99,214.76,"78,900",315.38,0.89,0.99,0.75,0.78,2.16,0.68,Ürgüp Sivrisi
"86,731","1,185.14",493.01,224.67,"87,625",332.31,0.89,0.99,0.73,0.78,2.19,0.67,Ürgüp Sivrisi
"104,732","1,305.93",544.91,245.72,"105,514",365.17,0.89,0.99,0.73,0.77,2.22,0.67,Ürgüp Sivrisi
"91,678","1,228.29",511.98,228.82,"92,459",341.65,0.89,0.99,0.65,0.76,2.24,0.67,Ürgüp Sivrisi
"84,720","1,168.17",482.64,225.21,"85,531",328.43,0.88,0.99,0.75,0.78,2.14,0.68,Ürgüp Sivrisi
"70,395","1,088.52",465.10,193.39,"71,016",299.38,0.91,0.99,0.75,0.75,2.41,0.64,Ürgüp Sivrisi
"81,401","1,196.71",521.31,199.09,"82,040",321.94,0.92,0.99,0.78,0.71,2.62,0.62,Ürgüp Sivrisi
"106,858","1,337.15",547.33,249.58,"107,957",368.86,0.89,0.99,0.73,0.75,2.19,0.67,Ürgüp Sivrisi
"87,522","1,240.69",533.53,209.57,"88,303",333.82,0.92,0.99,0.77,0.71,2.55,0.63,Ürgüp Sivrisi
"90,721","1,274.57",548.61,211.46,"92,036",339.87,0.92,0.99,0.71,0.70,2.59,0.62,Ürgüp Sivrisi
"109,667","1,327.52",552.57,253.95,"110,419",373.67,0.89,0.99,0.72,0.78,2.18,0.68,Ürgüp Sivrisi
"107,910","1,351.20",571.42,241.76,"109,255",370.67,0.91,0.99,0.76,0.74,2.36,0.65,Ürgüp Sivrisi
"86,793","1,178.55",485.80,228.22,"87,510",332.43,0.88,0.99,0.69,0.79,2.13,0.68,Ürgüp Sivrisi
"84,878","1,222.54",520.96,208.73,"85,960",328.74,0.92,0.99,0.73,0.71,2.50,0.63,Ürgüp Sivrisi
"108,497","1,454.58",648.40,213.47,"109,343",371.68,0.94,0.99,0.75,0.64,3.04,0.57,Ürgüp Sivrisi
"78,553","1,160.61",488.46,206.30,"79,303",316.25,0.91,0.99,0.55,0.73,2.37,0.65,Ürgüp Sivrisi
"65,952","1,048.69",444.96,189.52,"66,706",289.78,0.90,0.99,0.77,0.75,2.35,0.65,Ürgüp Sivrisi
"80,839","1,228.91",543.13,191.29,"81,620",320.82,0.94,0.99,0.78,0.67,2.84,0.59,Ürgüp Sivrisi
"98,203","1,231.37",504.18,248.37,"98,837",353.60,0.87,0.99,0.75,0.81,2.03,0.70,Ürgüp Sivrisi
"81,230","1,165.57",492.03,210.89,"81,945",321.60,0.90,0.99,0.76,0.75,2.33,0.65,Ürgüp Sivrisi
"70,952","1,069.69",445.63,203.28,"71,506",300.56,0.89,0.99,0.75,0.78,2.19,0.67,Ürgüp Sivrisi
"97,302","1,287.63",546.86,227.55,"98,234",351.98,0.91,0.99,0.75,0.74,2.40,0.64,Ürgüp Sivrisi
"74,778","1,055.40",420.63,227.29,"75,378",308.56,0.84,0.99,0.75,0.84,1.85,0.73,Ürgüp Sivrisi
"86,887","1,247.12",538.74,206.02,"87,706",332.61,0.92,0.99,0.72,0.70,2.62,0.62,Ürgüp Sivrisi
"77,175","1,086.05",439.50,224.21,"77,745",313.47,0.86,0.99,0.74,0.82,1.96,0.71,Ürgüp Sivrisi
"67,404","1,037.24",430.89,199.80,"67,930",292.95,0.89,0.99,0.74,0.79,2.16,0.68,Ürgüp Sivrisi
"85,990","1,211.53",512.36,215.10,"86,704",330.89,0.91,0.99,0.55,0.74,2.38,0.65,Ürgüp Sivrisi
"74,748","1,082.88",447.87,213.26,"75,383",308.50,0.88,0.99,0.76,0.80,2.10,0.69,Ürgüp Sivrisi
"77,106","1,101.60",449.48,219.17,"77,787",313.33,0.87,0.99,0.73,0.80,2.05,0.70,Ürgüp Sivrisi
"107,678","1,316.68",540.72,254.78,"108,665",370.27,0.88,0.99,0.75,0.78,2.12,0.68,Ürgüp Sivrisi
"96,680","1,224.79",473.20,261.86,"97,931",350.85,0.83,0.99,0.76,0.81,1.81,0.74,Ürgüp Sivrisi
"105,209","1,324.63",545.25,246.98,"106,238",366.00,0.89,0.99,0.72,0.75,2.21,0.67,Ürgüp Sivrisi
"99,190","1,332.73",574.15,221.42,"100,079",355.38,0.92,0.99,0.74,0.70,2.59,0.62,Ürgüp Sivrisi
"97,725","1,308.44",557.31,224.23,"99,120",352.74,0.92,0.99,0.77,0.72,2.49,0.63,Ürgüp Sivrisi
"69,106","1,053.71",438.73,202.06,"69,645",296.63,0.89,0.99,0.77,0.78,2.17,0.68,Ürgüp Sivrisi
"91,674","1,230.48",503.79,232.79,"92,561",341.65,0.89,0.99,0.76,0.76,2.16,0.68,Ürgüp Sivrisi
"76,262","1,067.33",415.73,234.09,"76,927",311.61,0.83,0.99,0.73,0.84,1.78,0.75,Ürgüp Sivrisi
"59,486",975.77,399.60,190.88,"59,988",275.21,0.88,0.99,0.75,0.79,2.09,0.69,Ürgüp Sivrisi
"49,673",950.27,408.73,155.42,"50,306",251.49,0.92,0.99,0.65,0.69,2.63,0.62,Ürgüp Sivrisi
"96,657","1,285.05",526.84,235.27,"97,792",350.81,0.89,0.99,0.65,0.74,2.24,0.67,Ürgüp Sivrisi
"56,819",950.65,384.66,188.60,"57,390",268.97,0.87,0.99,0.74,0.79,2.04,0.70,Ürgüp Sivrisi
"75,593","1,074.48",416.04,233.23,"76,620",310.24,0.83,0.99,0.72,0.82,1.78,0.75,Ürgüp Sivrisi
"48,098",925.19,395.80,156.10,"48,643",247.47,0.92,0.99,0.65,0.71,2.54,0.63,Ürgüp Sivrisi
"62,349","1,047.95",442.54,180.04,"62,996",281.75,0.91,0.99,0.53,0.71,2.46,0.64,Ürgüp Sivrisi
"58,876",975.63,400.64,188.15,"59,500",273.79,0.88,0.99,0.65,0.78,2.13,0.68,Ürgüp Sivrisi
"86,778","1,212.83",494.66,224.18,"87,667",332.40,0.89,0.99,0.63,0.74,2.21,0.67,Ürgüp Sivrisi
"52,447",926.83,388.99,172.04,"52,958",258.41,0.90,0.99,0.65,0.77,2.26,0.66,Ürgüp Sivrisi
"53,554",921.67,372.08,184.07,"54,082",261.13,0.87,0.99,0.63,0.79,2.02,0.70,Ürgüp Sivrisi
"55,462",952.25,383.56,185.49,"56,210",265.74,0.88,0.99,0.72,0.77,2.07,0.69,Ürgüp Sivrisi
"71,099","1,111.48",471.63,192.67,"71,810",300.88,0.91,0.99,0.54,0.72,2.45,0.64,Ürgüp Sivrisi
"71,077","1,136.24",488.29,186.00,"71,792",300.83,0.92,0.99,0.51,0.69,2.63,0.62,Ürgüp Sivrisi
"58,469","1,007.04",430.20,173.81,"59,077",272.85,0.91,0.99,0.75,0.72,2.48,0.63,Ürgüp Sivrisi
"74,319","1,138.16",482.37,197.25,"75,401",307.61,0.91,0.99,0.69,0.72,2.45,0.64,Ürgüp Sivrisi
"77,390","1,152.70",491.05,201.24,"78,089",313.90,0.91,0.99,0.77,0.73,2.44,0.64,Ürgüp Sivrisi
"58,852",999.39,423.64,177.47,"59,297",273.74,0.91,0.99,0.55,0.74,2.39,0.65,Ürgüp Sivrisi
"65,824","1,002.95",403.50,209.33,"66,381",289.50,0.85,0.99,0.71,0.82,1.93,0.72,Ürgüp Sivrisi
"56,700",944.09,364.92,201.76,"57,658",268.69,0.83,0.98,0.72,0.80,1.81,0.74,Ürgüp Sivrisi
"56,801","1,008.32",430.89,168.52,"57,790",268.93,0.92,0.98,0.64,0.70,2.56,0.62,Ürgüp Sivrisi
"55,763",926.69,377.82,188.28,"56,282",266.46,0.87,0.99,0.67,0.82,2.01,0.71,Ürgüp Sivrisi
"74,071","1,104.51",457.32,206.94,"74,769",307.10,0.89,0.99,0.74,0.76,2.21,0.67,Ürgüp Sivrisi
"60,851","1,022.81",432.62,179.62,"61,612",278.35,0.91,0.99,0.74,0.73,2.41,0.64,Ürgüp Sivrisi
"91,744","1,186.48",465.07,252.25,"92,792",341.78,0.84,0.99,0.75,0.82,1.84,0.73,Ürgüp Sivrisi
"69,300","1,040.52",424.37,208.68,"69,924",297.04,0.87,0.99,0.74,0.80,2.03,0.70,Ürgüp Sivrisi
"67,810","1,082.36",457.99,188.87,"68,431",293.83,0.91,0.99,0.76,0.73,2.42,0.64,Ürgüp Sivrisi
"52,342",953.99,409.22,163.85,"52,796",258.15,0.92,0.99,0.66,0.72,2.50,0.63,Ürgüp Sivrisi
"79,427","1,114.26",454.06,223.20,"79,948",318.01,0.87,0.99,0.66,0.80,2.03,0.70,Ürgüp Sivrisi
"55,816",945.57,385.88,184.88,"56,414",266.58,0.88,0.99,0.71,0.78,2.09,0.69,Ürgüp Sivrisi
"71,810","1,127.20",479.50,191.30,"72,712",302.38,0.92,0.99,0.68,0.71,2.51,0.63,Ürgüp Sivrisi
"103,614","1,311.19",548.91,240.45,"104,476",363.22,0.90,0.99,0.78,0.76,2.28,0.66,Ürgüp Sivrisi
"55,045","1,116.76",398.79,177.72,"56,734",264.74,0.90,0.97,0.80,0.55,2.24,0.66,Ürgüp Sivrisi
"78,143","1,104.64",442.42,225.34,"78,808",315.43,0.86,0.99,0.74,0.80,1.96,0.71,Ürgüp Sivrisi
"58,509",957.79,383.80,194.92,"59,043",272.94,0.86,0.99,0.76,0.80,1.97,0.71,Ürgüp Sivrisi
"56,899",997.84,405.40,181.25,"58,404",269.16,0.89,0.97,0.77,0.72,2.24,0.66,Ürgüp Sivrisi
"64,602","1,006.09",409.73,201.41,"65,133",286.80,0.87,0.99,0.75,0.80,2.03,0.70,Ürgüp Sivrisi
"60,805","1,013.86",413.96,187.84,"61,549",278.24,0.89,0.99,0.75,0.74,2.20,0.67,Ürgüp Sivrisi
"77,194","1,228.61",544.92,181.54,"77,899",313.51,0.94,0.99,0.78,0.64,3.00,0.58,Ürgüp Sivrisi
"73,348","1,099.14",455.40,206.77,"74,168",305.60,0.89,0.99,0.73,0.76,2.20,0.67,Ürgüp Sivrisi
"57,677","1,013.04",425.68,173.55,"58,331",270.99,0.91,0.99,0.74,0.71,2.45,0.64,Ürgüp Sivrisi
"89,466","1,203.82",468.19,244.86,"90,793",337.51,0.85,0.99,0.74,0.78,1.91,0.72,Ürgüp Sivrisi
"72,862","1,112.30",461.37,201.48,"73,556",304.58,0.90,0.99,0.76,0.74,2.29,0.66,Ürgüp Sivrisi
"99,828","1,312.48",543.49,234.62,"100,991",356.52,0.90,0.99,0.61,0.73,2.32,0.66,Ürgüp Sivrisi
"79,737","1,165.82",483.72,210.54,"80,498",318.63,0.90,0.99,0.75,0.74,2.30,0.66,Ürgüp Sivrisi
"58,442",994.50,412.51,181.16,"59,098",272.78,0.90,0.99,0.73,0.74,2.28,0.66,Ürgüp Sivrisi
"71,410","1,051.05",418.89,218.10,"72,344",301.53,0.85,0.99,0.73,0.81,1.92,0.72,Ürgüp Sivrisi
"83,714","1,233.91",538.48,198.91,"84,483",326.48,0.93,0.99,0.76,0.69,2.71,0.61,Ürgüp Sivrisi
"93,057","1,245.63",523.66,227.40,"94,013",344.21,0.90,0.99,0.66,0.75,2.30,0.66,Ürgüp Sivrisi
"91,054","1,303.55",567.24,205.33,"92,194",340.49,0.93,0.99,0.68,0.67,2.76,0.60,Ürgüp Sivrisi
"83,557","1,155.85",478.71,223.45,"84,398",326.17,0.88,0.99,0.77,0.79,2.14,0.68,Ürgüp Sivrisi
"91,699","1,238.42",528.14,221.75,"92,307",341.69,0.91,0.99,0.76,0.75,2.38,0.65,Ürgüp Sivrisi
"96,801","1,277.77",535.84,230.91,"97,545",351.07,0.90,0.99,0.71,0.75,2.32,0.66,Ürgüp Sivrisi
"71,802","1,089.57",460.16,198.95,"72,416",302.36,0.90,0.99,0.60,0.76,2.31,0.66,Ürgüp Sivrisi
"73,706","1,145.23",501.91,187.38,"74,313",306.34,0.93,0.99,0.64,0.71,2.68,0.61,Ürgüp Sivrisi
"103,347","1,361.40",596.35,222.57,"104,330",362.75,0.93,0.99,0.69,0.70,2.68,0.61,Ürgüp Sivrisi
"117,550","1,453.92",619.10,242.88,"118,597",386.87,0.92,0.99,0.58,0.70,2.55,0.62,Ürgüp Sivrisi
"78,779","1,110.37",447.75,225.52,"79,489",316.71,0.86,0.99,0.72,0.80,1.99,0.71,Ürgüp Sivrisi
"93,857","1,239.11",508.69,237.43,"95,180",345.69,0.88,0.99,0.58,0.77,2.14,0.68,Ürgüp Sivrisi
"89,270","1,244.97",534.38,213.55,"90,011",337.14,0.92,0.99,0.52,0.72,2.50,0.63,Ürgüp Sivrisi
"111,395","1,408.90",608.38,234.44,"112,409",376.61,0.92,0.99,0.62,0.71,2.60,0.62,Ürgüp Sivrisi
"81,639","1,150.08",476.39,218.73,"82,286",322.41,0.89,0.99,0.58,0.78,2.18,0.68,Ürgüp Sivrisi
"99,376","1,228.33",496.85,255.31,"99,931",355.71,0.86,0.99,0.65,0.83,1.95,0.72,Ürgüp Sivrisi
"83,981","1,195.62",510.48,210.00,"84,575",327.00,0.91,0.99,0.75,0.74,2.43,0.64,Ürgüp Sivrisi
"50,475",973.27,398.39,162.80,"51,385",253.51,0.91,0.98,0.76,0.67,2.45,0.64,Ürgüp Sivrisi
"91,684","1,258.48",530.57,221.70,"92,605",341.67,0.91,0.99,0.75,0.73,2.39,0.64,Ürgüp Sivrisi
"53,205",905.40,356.82,190.75,"54,005",260.27,0.85,0.99,0.65,0.82,1.87,0.73,Ürgüp Sivrisi
"106,008","1,255.63",502.20,269.62,"106,746",367.39,0.84,0.99,0.66,0.84,1.86,0.73,Ürgüp Sivrisi
"88,420","1,180.21",488.19,231.41,"89,104",335.53,0.88,0.99,0.61,0.80,2.11,0.69,Ürgüp Sivrisi
"84,373","1,193.60",486.52,222.70,"85,424",327.76,0.89,0.99,0.69,0.74,2.18,0.67,Ürgüp Sivrisi
"90,427","1,198.20",496.16,232.50,"91,102",339.32,0.88,0.99,0.68,0.79,2.13,0.68,Ürgüp Sivrisi
"69,480","1,087.45",451.37,198.73,"70,294",297.43,0.90,0.99,0.62,0.74,2.27,0.66,Ürgüp Sivrisi
"86,142","1,174.41",482.85,228.39,"87,136",331.18,0.88,0.99,0.76,0.78,2.11,0.69,Ürgüp Sivrisi
"56,207",965.77,397.87,180.69,"56,706",267.52,0.89,0.99,0.59,0.76,2.20,0.67,Ürgüp Sivrisi
"96,291","1,273.16",535.91,230.59,"96,971",350.15,0.90,0.99,0.66,0.75,2.32,0.65,Ürgüp Sivrisi
"86,746","1,198.66",506.02,219.33,"87,319",332.34,0.90,0.99,0.64,0.76,2.31,0.66,Ürgüp Sivrisi
"83,732","1,214.19",518.26,206.95,"84,592",326.51,0.92,0.99,0.60,0.71,2.50,0.63,Ürgüp Sivrisi
"78,119","1,123.51",468.91,212.52,"78,744",315.38,0.89,0.99,0.76,0.78,2.21,0.67,Ürgüp Sivrisi
"99,069","1,275.45",530.33,238.64,"99,759",355.16,0.89,0.99,0.69,0.77,2.22,0.67,Ürgüp Sivrisi
"70,932","1,081.36",453.64,200.35,"71,543",300.52,0.90,0.99,0.76,0.76,2.26,0.66,Ürgüp Sivrisi
"123,618","1,417.03",587.84,271.18,"124,662",396.73,0.89,0.99,0.77,0.77,2.17,0.67,Ürgüp Sivrisi
"74,286","1,119.42",469.95,202.66,"75,036",307.54,0.90,0.99,0.75,0.75,2.32,0.65,Ürgüp Sivrisi
"89,233","1,176.89",460.66,247.56,"90,502",337.07,0.84,0.99,0.73,0.81,1.86,0.73,Ürgüp Sivrisi
"80,807","1,133.60",464.29,222.72,"81,596",320.76,0.88,0.99,0.75,0.79,2.08,0.69,Ürgüp Sivrisi
"79,494","1,131.20",467.03,217.60,"80,207",318.14,0.88,0.99,0.75,0.78,2.15,0.68,Ürgüp Sivrisi
"60,594",995.32,415.30,186.41,"61,316",277.76,0.89,0.99,0.74,0.77,2.23,0.67,Ürgüp Sivrisi
"91,025","1,211.95",503.10,230.91,"91,782",340.44,0.89,0.99,0.76,0.78,2.18,0.68,Ürgüp Sivrisi
"82,345","1,190.23",503.98,209.02,"83,061",323.80,0.91,0.99,0.75,0.73,2.41,0.64,Ürgüp Sivrisi
"77,538","1,210.67",526.90,187.98,"78,333",314.20,0.93,0.99,0.54,0.66,2.80,0.60,Ürgüp Sivrisi
"97,419","1,244.64",516.17,241.21,"98,103",352.19,0.88,0.99,0.74,0.79,2.14,0.68,Ürgüp Sivrisi
"104,017","1,266.03",515.58,257.18,"104,669",363.92,0.87,0.99,0.67,0.82,2.00,0.71,Ürgüp Sivrisi
"87,310","1,124.21",429.42,261.09,"88,158",333.42,0.79,0.99,0.74,0.87,1.64,0.78,Ürgüp Sivrisi
"70,284","1,053.97",419.06,215.15,"71,389",299.15,0.86,0.98,0.69,0.80,1.95,0.71,Ürgüp Sivrisi
"103,085","1,364.96",596.05,221.09,"104,076",362.29,0.93,0.99,0.72,0.70,2.70,0.61,Ürgüp Sivrisi
"109,454","1,365.66",571.87,246.13,"110,822",373.31,0.90,0.99,0.73,0.74,2.32,0.65,Ürgüp Sivrisi
"105,708","1,298.71",536.28,251.94,"106,758",366.87,0.88,0.99,0.73,0.79,2.13,0.68,Ürgüp Sivrisi
"65,641","1,021.86",425.18,197.38,"66,095",289.10,0.89,0.99,0.66,0.79,2.15,0.68,Ürgüp Sivrisi
"77,116","1,121.86",464.80,212.71,"77,959",313.35,0.89,0.99,0.74,0.77,2.19,0.67,Ürgüp Sivrisi
"65,098","1,004.60",412.18,201.65,"65,744",287.90,0.87,0.99,0.71,0.81,2.04,0.70,Ürgüp Sivrisi
"89,243","1,226.93",515.72,221.18,"89,988",337.09,0.90,0.99,0.56,0.75,2.33,0.65,Ürgüp Sivrisi
"86,117","1,218.96",519.61,211.80,"86,789",331.13,0.91,0.99,0.73,0.73,2.45,0.64,Ürgüp Sivrisi
"71,665","1,167.57",512.10,179.38,"72,403",302.07,0.94,0.99,0.64,0.66,2.85,0.59,Ürgüp Sivrisi
"63,038","1,000.48",392.81,206.96,"64,034",283.31,0.85,0.98,0.75,0.79,1.90,0.72,Ürgüp Sivrisi
"65,457","1,025.78",421.39,199.11,"66,401",288.69,0.88,0.99,0.73,0.78,2.12,0.69,Ürgüp Sivrisi
"95,428","1,267.63",536.23,227.15,"96,087",348.57,0.91,0.99,0.74,0.75,2.36,0.65,Ürgüp Sivrisi
"85,791","1,160.70",476.67,229.79,"86,478",330.50,0.88,0.99,0.74,0.80,2.07,0.69,Ürgüp Sivrisi
"75,155","1,169.40",509.59,188.45,"75,995",309.34,0.93,0.99,0.62,0.69,2.70,0.61,Ürgüp Sivrisi
"66,954","1,075.34",461.83,185.41,"67,627",291.97,0.92,0.99,0.67,0.73,2.49,0.63,Ürgüp Sivrisi
"89,885","1,264.83",543.09,212.04,"90,934",338.30,0.92,0.99,0.52,0.71,2.56,0.62,Ürgüp Sivrisi
"109,729","1,333.93",556.33,252.00,"110,543",373.78,0.89,0.99,0.76,0.77,2.21,0.67,Ürgüp Sivrisi
"84,606","1,215.64",523.41,207.06,"85,274",328.21,0.92,0.99,0.77,0.72,2.53,0.63,Ürgüp Sivrisi
"97,268","1,258.29",526.40,236.09,"97,953",351.92,0.89,0.99,0.76,0.77,2.23,0.67,Ürgüp Sivrisi
"65,846","1,081.35",464.87,180.69,"66,478",289.55,0.92,0.99,0.55,0.71,2.57,0.62,Ürgüp Sivrisi
"97,672","1,245.30",512.00,243.48,"98,354",352.65,0.88,0.99,0.64,0.79,2.10,0.69,Ürgüp Sivrisi
"103,579","1,305.07",538.88,245.67,"104,533",363.15,0.89,0.99,0.61,0.76,2.19,0.67,Ürgüp Sivrisi
"73,090","1,036.15",410.52,227.66,"73,637",305.06,0.83,0.99,0.75,0.86,1.80,0.74,Ürgüp Sivrisi
"79,174","1,194.82",515.61,196.56,"79,957",317.50,0.92,0.99,0.54,0.70,2.62,0.62,Ürgüp Sivrisi
"102,952","1,336.66",572.61,229.32,"103,802",362.05,0.92,0.99,0.74,0.72,2.50,0.63,Ürgüp Sivrisi
"69,814","1,126.07",480.17,186.02,"70,829",298.14,0.92,0.99,0.72,0.69,2.58,0.62,Ürgüp Sivrisi
"85,734","1,166.54",479.27,228.27,"86,439",330.39,0.88,0.99,0.76,0.79,2.10,0.69,Ürgüp Sivrisi
"105,505","1,287.16",518.08,260.69,"106,541",366.51,0.86,0.99,0.74,0.80,1.99,0.71,Ürgüp Sivrisi
"104,300","1,274.99",513.61,259.29,"105,355",364.42,0.86,0.99,0.73,0.81,1.98,0.71,Ürgüp Sivrisi
"92,034","1,220.07",509.96,230.14,"92,679",342.32,0.89,0.99,0.75,0.78,2.22,0.67,Ürgüp Sivrisi
"97,914","1,285.98",543.65,229.85,"98,927",353.08,0.91,0.99,0.76,0.74,2.37,0.65,Ürgüp Sivrisi
"96,171","1,273.19",535.84,229.15,"97,004",349.93,0.90,0.99,0.75,0.75,2.34,0.65,Ürgüp Sivrisi
"76,815","1,155.79",488.00,201.78,"77,704",312.74,0.91,0.99,0.74,0.72,2.42,0.64,Ürgüp Sivrisi
"84,036","1,201.50",500.26,217.89,"86,362",327.11,0.90,0.97,0.76,0.73,2.30,0.65,Ürgüp Sivrisi
"102,193","1,288.79",520.30,252.42,"103,526",360.72,0.87,0.99,0.75,0.77,2.06,0.69,Ürgüp Sivrisi
"88,996","1,208.88",497.97,228.90,"90,132",336.62,0.89,0.99,0.70,0.77,2.18,0.68,Ürgüp Sivrisi
"109,222","1,320.27",529.24,264.64,"110,451",372.92,0.87,0.99,0.78,0.79,2.00,0.70,Ürgüp Sivrisi
"66,153","1,049.08",436.80,193.36,"66,781",290.22,0.90,0.99,0.59,0.76,2.26,0.66,Ürgüp Sivrisi
"100,429","1,285.72",539.97,237.57,"101,282",357.59,0.90,0.99,0.77,0.76,2.27,0.66,Ürgüp Sivrisi
"100,629","1,299.00",536.25,240.11,"102,023",357.95,0.89,0.99,0.72,0.75,2.23,0.67,Ürgüp Sivrisi
"73,411","1,111.27",463.06,203.23,"74,312",305.73,0.90,0.99,0.69,0.75,2.28,0.66,Ürgüp Sivrisi
"71,127","1,092.93",465.52,195.16,"71,760",300.93,0.91,0.99,0.77,0.75,2.39,0.65,Ürgüp Sivrisi
"63,348",986.06,398.50,203.56,"63,955",284.00,0.86,0.99,0.67,0.82,1.96,0.71,Ürgüp Sivrisi
"77,381","1,045.50",401.81,245.69,"77,907",313.89,0.79,0.99,0.73,0.89,1.64,0.78,Ürgüp Sivrisi
"91,647","1,226.55",514.17,228.19,"92,487",341.60,0.90,0.99,0.75,0.77,2.25,0.66,Ürgüp Sivrisi
"76,269","1,101.96",457.04,213.41,"76,819",311.62,0.88,0.99,0.76,0.79,2.14,0.68,Ürgüp Sivrisi
"65,584","1,059.86",446.28,188.52,"66,243",288.97,0.91,0.99,0.72,0.73,2.37,0.65,Ürgüp Sivrisi
"82,357","1,200.22",511.30,206.54,"83,143",323.82,0.91,0.99,0.53,0.72,2.48,0.63,Ürgüp Sivrisi
"99,560","1,256.55",516.89,246.34,"100,501",356.04,0.88,0.99,0.76,0.79,2.10,0.69,Ürgüp Sivrisi
"93,970","1,244.55",520.36,230.55,"94,815",345.90,0.90,0.99,0.74,0.76,2.26,0.66,Ürgüp Sivrisi
"99,088","1,284.61",541.85,233.72,"99,886",355.19,0.90,0.99,0.65,0.75,2.32,0.66,Ürgüp Sivrisi
"68,402","1,009.44",404.23,216.35,"68,986",295.11,0.84,0.99,0.74,0.84,1.87,0.73,Ürgüp Sivrisi
"80,490","1,169.91",497.63,206.84,"81,144",320.13,0.91,0.99,0.75,0.74,2.41,0.64,Ürgüp Sivrisi
"72,478","1,156.44",506.64,182.90,"73,236",303.78,0.93,0.99,0.76,0.68,2.77,0.60,Ürgüp Sivrisi
"79,364","1,195.57",516.88,195.73,"80,069",317.88,0.93,0.99,0.53,0.70,2.64,0.62,Ürgüp Sivrisi
"97,013","1,301.89",555.30,223.32,"98,334",351.46,0.92,0.99,0.69,0.72,2.49,0.63,Ürgüp Sivrisi
"90,377","1,204.98",503.54,228.94,"91,178",339.22,0.89,0.99,0.76,0.78,2.20,0.67,Ürgüp Sivrisi
"73,092","1,126.40",484.07,193.13,"73,834",305.06,0.92,0.99,0.77,0.72,2.51,0.63,Ürgüp Sivrisi
"103,529","1,331.48",561.68,236.17,"104,513",363.07,0.91,0.99,0.75,0.73,2.38,0.65,Ürgüp Sivrisi
"97,634","1,331.16",578.87,216.75,"98,397",352.58,0.93,0.99,0.74,0.69,2.67,0.61,Ürgüp Sivrisi
"74,790","1,122.20",477.84,199.73,"75,609",308.59,0.91,0.99,0.72,0.75,2.39,0.65,Ürgüp Sivrisi
"99,668","1,276.43",489.25,264.20,"101,283",356.23,0.84,0.98,0.76,0.77,1.85,0.73,Ürgüp Sivrisi
"75,833","1,140.92",492.22,196.85,"76,433",310.73,0.92,0.99,0.74,0.73,2.50,0.63,Ürgüp Sivrisi
"80,412","1,205.76",526.04,195.11,"81,149",319.97,0.93,0.99,0.73,0.70,2.70,0.61,Ürgüp Sivrisi
"77,335","1,114.24",463.44,213.37,"78,035",313.79,0.89,0.99,0.66,0.78,2.17,0.68,Ürgüp Sivrisi
"108,661","1,361.13",575.58,241.96,"109,616",371.96,0.91,0.99,0.74,0.74,2.38,0.65,Ürgüp Sivrisi
"66,125","1,055.77",443.17,191.91,"66,757",290.16,0.90,0.99,0.73,0.75,2.31,0.65,Ürgüp Sivrisi
"97,790","1,271.24",532.37,235.26,"98,521",352.86,0.90,0.99,0.75,0.76,2.26,0.66,Ürgüp Sivrisi
"100,034","1,276.23",531.69,240.89,"100,770",356.89,0.89,0.99,0.75,0.77,2.21,0.67,Ürgüp Sivrisi
"64,555",982.53,392.35,210.61,"65,291",286.69,0.84,0.99,0.75,0.84,1.86,0.73,Ürgüp Sivrisi
"79,254","1,094.76",437.70,231.52,"79,858",317.66,0.85,0.99,0.77,0.83,1.89,0.73,Ürgüp Sivrisi
"76,341","1,105.25",456.26,213.66,"76,916",311.77,0.88,0.99,0.74,0.79,2.14,0.68,Ürgüp Sivrisi
"66,259","1,013.80",410.58,206.16,"66,874",290.45,0.86,0.99,0.73,0.81,1.99,0.71,Ürgüp Sivrisi
"111,315","1,353.02",564.48,252.41,"112,133",376.47,0.89,0.99,0.76,0.76,2.24,0.67,Ürgüp Sivrisi
"88,355","1,260.71",544.98,207.33,"89,015",335.41,0.92,0.99,0.74,0.70,2.63,0.62,Ürgüp Sivrisi
"78,846","1,161.77",496.17,203.14,"79,549",316.84,0.91,0.99,0.77,0.73,2.44,0.64,Ürgüp Sivrisi
"61,426",984.22,404.36,193.88,"61,915",279.66,0.88,0.99,0.75,0.80,2.09,0.69,Ürgüp Sivrisi
"99,590","1,276.58",526.97,242.43,"100,465",356.09,0.89,0.99,0.74,0.77,2.17,0.68,Ürgüp Sivrisi
"90,380","1,246.74",527.38,220.57,"91,142",339.23,0.91,0.99,0.76,0.73,2.39,0.64,Ürgüp Sivrisi
"86,589","1,221.67",510.88,216.32,"87,440",332.04,0.91,0.99,0.74,0.73,2.36,0.65,Ürgüp Sivrisi
"77,612","1,160.36",486.91,204.29,"78,431",314.35,0.91,0.99,0.73,0.72,2.38,0.65,Ürgüp Sivrisi
"116,794","1,408.88",590.18,253.07,"117,698",385.63,0.90,0.99,0.73,0.74,2.33,0.65,Ürgüp Sivrisi
"100,906","1,252.70",505.87,254.45,"101,633",358.44,0.86,0.99,0.76,0.81,1.99,0.71,Ürgüp Sivrisi
"101,495","1,260.47",509.77,255.29,"102,337",359.48,0.87,0.99,0.70,0.80,2.00,0.71,Ürgüp Sivrisi
"78,395","1,182.14",507.03,198.06,"79,445",315.94,0.92,0.99,0.76,0.71,2.56,0.62,Ürgüp Sivrisi
"92,084","1,276.75",545.48,215.33,"92,809",342.41,0.92,0.99,0.72,0.71,2.53,0.63,Ürgüp Sivrisi
"97,164","1,226.83",490.25,254.42,"98,018",351.73,0.85,0.99,0.74,0.81,1.93,0.72,Ürgüp Sivrisi
"91,553","1,242.50",533.01,219.62,"92,162",341.42,0.91,0.99,0.73,0.75,2.43,0.64,Ürgüp Sivrisi
"111,105","1,344.03",556.32,255.04,"112,192",376.12,0.89,0.99,0.74,0.77,2.18,0.68,Ürgüp Sivrisi
"91,338","1,210.06",505.51,230.98,"91,971",341.02,0.89,0.99,0.76,0.78,2.19,0.67,Ürgüp Sivrisi
"76,413","1,152.33",486.28,200.84,"77,094",311.92,0.91,0.99,0.65,0.72,2.42,0.64,Ürgüp Sivrisi
"79,958","1,168.42",494.77,206.31,"80,824",319.07,0.91,0.99,0.57,0.74,2.40,0.64,Ürgüp Sivrisi
"93,715","1,291.17",554.53,215.73,"94,571",345.43,0.92,0.99,0.71,0.71,2.57,0.62,Ürgüp Sivrisi
"105,193","1,329.66",561.88,238.96,"105,966",365.97,0.91,0.99,0.60,0.75,2.35,0.65,Ürgüp Sivrisi
"102,906","1,331.49",564.35,234.38,"104,774",361.97,0.91,0.98,0.65,0.73,2.41,0.64,Ürgüp Sivrisi
"76,288","1,138.64",479.58,204.68,"77,118",311.66,0.90,0.99,0.66,0.74,2.34,0.65,Ürgüp Sivrisi
"90,343","1,253.92",534.13,216.26,"91,208",339.16,0.91,0.99,0.67,0.72,2.47,0.64,Ürgüp Sivrisi
"103,283","1,363.71",592.07,223.07,"104,077",362.63,0.93,0.99,0.75,0.70,2.65,0.61,Ürgüp Sivrisi
"85,316","1,214.99",518.83,209.78,"85,904",329.59,0.91,0.99,0.71,0.73,2.47,0.64,Ürgüp Sivrisi
"87,954","1,205.23",507.47,221.38,"88,843",334.64,0.90,0.99,0.64,0.76,2.29,0.66,Ürgüp Sivrisi
"83,005","1,234.75",539.68,196.71,"83,725",325.09,0.93,0.99,0.58,0.68,2.74,0.60,Ürgüp Sivrisi
"91,686","1,294.42",567.60,206.47,"92,512",341.67,0.93,0.99,0.65,0.69,2.75,0.60,Ürgüp Sivrisi
"124,268","1,448.55",610.52,259.89,"125,239",397.77,0.90,0.99,0.56,0.74,2.35,0.65,Ürgüp Sivrisi
"64,712","1,035.24",435.87,189.49,"65,268",287.04,0.90,0.99,0.56,0.76,2.30,0.66,Ürgüp Sivrisi
"64,808","1,052.08",439.73,190.18,"65,678",287.26,0.90,0.99,0.77,0.74,2.31,0.65,Ürgüp Sivrisi
"94,786","1,204.70",480.42,252.17,"95,545",347.40,0.85,0.99,0.74,0.82,1.91,0.72,Ürgüp Sivrisi
"61,861","1,002.17",406.37,195.97,"62,618",280.65,0.88,0.99,0.59,0.77,2.07,0.69,Ürgüp Sivrisi
"66,604","1,019.00",410.58,207.89,"67,237",291.21,0.86,0.99,0.74,0.81,1.97,0.71,Ürgüp Sivrisi
"95,759","1,261.52",524.28,234.28,"96,648",349.18,0.89,0.99,0.72,0.76,2.24,0.67,Ürgüp Sivrisi
"86,673","1,169.10",477.26,231.83,"87,424",332.20,0.87,0.99,0.76,0.80,2.06,0.70,Ürgüp Sivrisi
"58,589",970.77,392.71,191.06,"59,253",273.13,0.87,0.99,0.77,0.78,2.06,0.70,Ürgüp Sivrisi
"100,175","1,273.69",523.41,245.50,"101,457",357.14,0.88,0.99,0.74,0.78,2.13,0.68,Ürgüp Sivrisi
"87,789","1,251.50",542.60,207.22,"88,469",334.33,0.92,0.99,0.58,0.70,2.62,0.62,Ürgüp Sivrisi
"64,646","1,030.02",431.10,191.71,"65,209",286.90,0.90,0.99,0.57,0.77,2.25,0.67,Ürgüp Sivrisi
"91,508","1,221.26",514.29,226.85,"92,110",341.34,0.90,0.99,0.72,0.77,2.27,0.66,Ürgüp Sivrisi
"80,252","1,112.98",452.87,226.45,"80,819",319.66,0.87,0.99,0.68,0.81,2.00,0.71,Ürgüp Sivrisi
"104,321","1,379.24",586.12,229.00,"105,797",364.45,0.92,0.99,0.63,0.69,2.56,0.62,Ürgüp Sivrisi
"75,637","1,173.08",509.10,190.10,"76,350",310.33,0.93,0.99,0.60,0.69,2.68,0.61,Ürgüp Sivrisi
"60,485",969.49,390.48,198.24,"61,257",277.51,0.86,0.99,0.73,0.81,1.97,0.71,Ürgüp Sivrisi
"95,816","1,274.02",531.32,230.41,"97,014",349.28,0.90,0.99,0.73,0.74,2.31,0.66,Ürgüp Sivrisi
"94,757","1,238.45",513.25,236.07,"95,562",347.34,0.89,0.99,0.69,0.78,2.17,0.68,Ürgüp Sivrisi
"85,670","1,188.60",492.79,222.08,"86,496",330.27,0.89,0.99,0.65,0.76,2.22,0.67,Ürgüp Sivrisi
"103,495","1,331.60",556.65,238.73,"104,549",363.01,0.90,0.99,0.72,0.73,2.33,0.65,Ürgüp Sivrisi
"81,649","1,124.08",452.92,230.48,"82,299",322.43,0.86,0.99,0.73,0.81,1.97,0.71,Ürgüp Sivrisi
"74,176","1,120.72",465.73,203.54,"75,100",307.32,0.90,0.99,0.60,0.74,2.29,0.66,Ürgüp Sivrisi
"108,066","1,314.36",539.75,255.31,"108,893",370.94,0.88,0.99,0.63,0.79,2.11,0.69,Ürgüp Sivrisi
"91,968","1,218.85",495.30,238.49,"93,036",342.19,0.88,0.99,0.76,0.78,2.08,0.69,Ürgüp Sivrisi
"100,094","1,288.93",541.61,235.97,"100,803",356.99,0.90,0.99,0.76,0.76,2.30,0.66,Ürgüp Sivrisi
"106,564","1,340.31",557.96,244.32,"107,892",368.35,0.90,0.99,0.59,0.75,2.28,0.66,Ürgüp Sivrisi
"117,831","1,351.81",550.45,273.29,"118,565",387.33,0.87,0.99,0.68,0.81,2.01,0.70,Ürgüp Sivrisi
"92,089","1,240.61",512.58,229.67,"92,961",342.42,0.89,0.99,0.62,0.75,2.23,0.67,Ürgüp Sivrisi
"108,803","1,399.31",602.19,230.32,"109,682",372.20,0.92,0.99,0.77,0.70,2.61,0.62,Ürgüp Sivrisi
"79,521","1,210.35",522.08,194.83,"80,639",318.20,0.93,0.99,0.74,0.68,2.68,0.61,Ürgüp Sivrisi
"97,730","1,247.96",517.64,240.89,"98,380",352.75,0.89,0.99,0.75,0.79,2.15,0.68,Ürgüp Sivrisi
"73,423","1,101.12",440.61,215.48,"74,415",305.75,0.87,0.99,0.72,0.76,2.04,0.69,Ürgüp Sivrisi
"74,740","1,130.84",474.44,201.71,"75,645",308.48,0.91,0.99,0.75,0.73,2.35,0.65,Ürgüp Sivrisi
"62,038",973.47,396.57,199.91,"62,559",281.05,0.86,0.99,0.76,0.82,1.98,0.71,Ürgüp Sivrisi
"60,974",963.38,388.22,201.32,"61,835",278.63,0.86,0.99,0.74,0.83,1.93,0.72,Ürgüp Sivrisi
"96,704","1,271.16",529.00,233.35,"97,720",350.90,0.90,0.99,0.67,0.75,2.27,0.66,Ürgüp Sivrisi
"90,285","1,186.67",483.94,238.28,"90,860",339.05,0.87,0.99,0.70,0.81,2.03,0.70,Ürgüp Sivrisi
"102,314","1,251.75",500.90,260.38,"103,318",360.93,0.85,0.99,0.63,0.82,1.92,0.72,Ürgüp Sivrisi
"70,729","1,099.48",469.40,192.52,"71,327",300.09,0.91,0.99,0.65,0.74,2.44,0.64,Ürgüp Sivrisi
"85,084","1,203.30",506.63,214.75,"85,843",329.14,0.91,0.99,0.58,0.74,2.36,0.65,Ürgüp Sivrisi
"109,090","1,329.38",550.39,253.22,"110,035",372.69,0.89,0.99,0.66,0.78,2.17,0.68,Ürgüp Sivrisi
"83,376","1,143.66",467.80,227.35,"84,065",325.82,0.87,0.99,0.75,0.80,2.06,0.70,Ürgüp Sivrisi
"98,737","1,337.91",576.59,220.79,"99,750",354.56,0.92,0.99,0.51,0.69,2.61,0.61,Ürgüp Sivrisi
"130,913","1,490.95",632.25,264.16,"131,934",408.27,0.91,0.99,0.55,0.74,2.39,0.65,Ürgüp Sivrisi
"96,928","1,294.74",549.52,225.87,"97,845",351.30,0.91,0.99,0.62,0.73,2.43,0.64,Ürgüp Sivrisi
"99,431","1,278.44",538.26,236.14,"100,197",355.81,0.90,0.99,0.77,0.76,2.28,0.66,Ürgüp Sivrisi
"119,467","1,391.89",574.60,266.14,"120,581",390.01,0.89,0.99,0.65,0.77,2.16,0.68,Ürgüp Sivrisi
"82,808","1,249.62",553.38,193.04,"83,611",324.71,0.94,0.99,0.48,0.67,2.87,0.59,Ürgüp Sivrisi
"79,511","1,117.25",455.15,223.49,"80,285",318.18,0.87,0.99,0.66,0.80,2.04,0.70,Ürgüp Sivrisi
"63,032","1,031.46",438.38,184.33,"63,512",283.29,0.91,0.99,0.58,0.74,2.38,0.65,Ürgüp Sivrisi
"92,462","1,254.12",526.50,224.68,"93,328",343.11,0.90,0.99,0.72,0.74,2.34,0.65,Ürgüp Sivrisi
"99,673","1,283.03",537.82,237.28,"100,470",356.24,0.90,0.99,0.72,0.76,2.27,0.66,Ürgüp Sivrisi
"109,606","1,378.06",588.68,237.48,"110,312",373.57,0.92,0.99,0.57,0.73,2.48,0.63,Ürgüp Sivrisi
"68,712","1,025.34",410.39,214.40,"69,352",295.78,0.85,0.99,0.72,0.82,1.91,0.72,Ürgüp Sivrisi
"94,816","1,211.79",485.91,250.84,"96,076",347.45,0.86,0.99,0.73,0.81,1.94,0.72,Ürgüp Sivrisi
"106,776","1,275.69",514.53,265.07,"107,562",368.72,0.86,0.99,0.74,0.82,1.94,0.72,Ürgüp Sivrisi
"75,794","1,116.61",467.77,207.19,"76,474",310.65,0.90,0.99,0.73,0.76,2.26,0.66,Ürgüp Sivrisi
"81,999","1,205.90",521.29,200.61,"82,686",323.12,0.92,0.99,0.57,0.71,2.60,0.62,Ürgüp Sivrisi
"99,569","1,320.00",555.55,230.58,"100,832",356.06,0.91,0.99,0.64,0.72,2.41,0.64,Ürgüp Sivrisi
"90,106","1,300.55",501.35,231.47,"91,944",338.71,0.89,0.98,0.68,0.67,2.17,0.68,Ürgüp Sivrisi
"89,290","1,221.58",503.35,227.36,"90,336",337.18,0.89,0.99,0.71,0.75,2.21,0.67,Ürgüp Sivrisi
"85,309","1,265.95",550.42,200.71,"86,486",329.57,0.93,0.99,0.71,0.67,2.74,0.60,Ürgüp Sivrisi
"75,097","1,158.39",498.99,193.47,"75,817",309.22,0.92,0.99,0.70,0.70,2.58,0.62,Ürgüp Sivrisi
"75,111","1,209.04",534.58,181.08,"76,216",309.25,0.94,0.99,0.77,0.65,2.95,0.58,Ürgüp Sivrisi
"78,859","1,137.70",470.00,214.15,"79,618",316.87,0.89,0.99,0.75,0.77,2.19,0.67,Ürgüp Sivrisi
"76,925","1,174.33",504.42,194.88,"77,756",312.96,0.92,0.99,0.75,0.70,2.59,0.62,Ürgüp Sivrisi
"76,929","1,090.48",448.00,218.98,"77,487",312.97,0.87,0.99,0.73,0.81,2.05,0.70,Ürgüp Sivrisi
"69,631","1,068.13",444.66,199.90,"70,351",297.75,0.89,0.99,0.71,0.77,2.22,0.67,Ürgüp Sivrisi
"76,059","1,109.46",440.38,222.51,"76,849",311.19,0.86,0.99,0.77,0.78,1.98,0.71,Ürgüp Sivrisi
"77,870","1,160.80",426.32,233.59,"79,026",314.88,0.84,0.99,0.64,0.73,1.83,0.74,Ürgüp Sivrisi
"79,706","1,133.06",461.98,221.24,"80,545",318.57,0.88,0.99,0.72,0.78,2.09,0.69,Ürgüp Sivrisi
"73,119","1,157.07",501.49,186.06,"73,786",305.12,0.93,0.99,0.74,0.69,2.70,0.61,Ürgüp Sivrisi
"71,534","1,104.47",457.39,200.09,"72,265",301.79,0.90,0.99,0.58,0.74,2.29,0.66,Ürgüp Sivrisi
"68,618","1,071.33",443.45,200.53,"69,639",295.58,0.89,0.99,0.80,0.75,2.21,0.67,Ürgüp Sivrisi
"75,632","1,099.27",441.67,218.72,"76,395",310.32,0.87,0.99,0.62,0.79,2.02,0.70,Ürgüp Sivrisi
"88,740","1,247.04",532.86,213.23,"89,595",336.14,0.92,0.99,0.69,0.72,2.50,0.63,Ürgüp Sivrisi
"72,953","1,081.49",440.30,212.08,"73,771",304.77,0.88,0.99,0.70,0.78,2.08,0.69,Ürgüp Sivrisi
"112,500","1,405.45",596.70,240.62,"113,585",378.47,0.92,0.99,0.55,0.72,2.48,0.63,Ürgüp Sivrisi
"76,884","1,091.32",440.26,223.71,"77,751",312.88,0.86,0.99,0.63,0.81,1.97,0.71,Ürgüp Sivrisi
"101,439","1,302.85",551.24,234.69,"102,203",359.38,0.90,0.99,0.71,0.75,2.35,0.65,Ürgüp Sivrisi
"60,017","1,022.36",439.87,174.12,"60,558",276.43,0.92,0.99,0.55,0.72,2.53,0.63,Ürgüp Sivrisi
"113,009","1,376.42",581.88,248.12,"113,779",379.33,0.90,0.99,0.74,0.75,2.35,0.65,Ürgüp Sivrisi
"74,353","1,120.55",468.86,203.22,"75,348",307.68,0.90,0.99,0.65,0.74,2.31,0.66,Ürgüp Sivrisi
"75,988","1,091.95",447.60,217.31,"76,566",311.05,0.87,0.99,0.71,0.80,2.06,0.69,Ürgüp Sivrisi
"74,487","1,119.38",468.49,203.58,"75,122",307.96,0.90,0.99,0.58,0.75,2.30,0.66,Ürgüp Sivrisi
"89,611","1,237.91",524.59,218.81,"90,502",337.78,0.91,0.99,0.54,0.73,2.40,0.64,Ürgüp Sivrisi
"54,128",871.46,324.01,214.04,"54,742",262.52,0.75,0.99,0.73,0.90,1.51,0.81,Ürgüp Sivrisi
"76,609","1,108.46",456.88,214.06,"77,329",312.32,0.88,0.99,0.61,0.78,2.13,0.68,Ürgüp Sivrisi
"69,402","1,114.09",486.90,181.71,"70,045",297.26,0.93,0.99,0.71,0.70,2.68,0.61,Ürgüp Sivrisi
"107,695","1,366.06",591.13,232.36,"108,546",370.30,0.92,0.99,0.73,0.73,2.54,0.63,Ürgüp Sivrisi
"98,780","1,217.11",484.11,260.76,"99,684",354.64,0.84,0.99,0.72,0.84,1.86,0.73,Ürgüp Sivrisi
"99,461","1,331.36",570.97,222.88,"100,613",355.86,0.92,0.99,0.71,0.71,2.56,0.62,Ürgüp Sivrisi
"73,500","1,184.42",502.90,186.61,"74,373",305.91,0.93,0.99,0.63,0.66,2.69,0.61,Ürgüp Sivrisi
"80,875","1,141.52",465.54,222.90,"81,615",320.89,0.88,0.99,0.60,0.78,2.09,0.69,Ürgüp Sivrisi
"116,981","1,417.79",597.38,250.27,"118,076",385.93,0.91,0.99,0.64,0.73,2.39,0.65,Ürgüp Sivrisi
"80,595","1,175.21",497.38,207.46,"81,293",320.34,0.91,0.99,0.58,0.73,2.40,0.64,Ürgüp Sivrisi
"101,594","1,254.52",510.59,254.19,"102,495",359.66,0.87,0.99,0.71,0.81,2.01,0.70,Ürgüp Sivrisi
"83,000","1,194.72",508.17,208.76,"83,783",325.08,0.91,0.99,0.57,0.73,2.43,0.64,Ürgüp Sivrisi
"117,620","1,364.87",552.29,272.47,"118,591",386.99,0.87,0.99,0.69,0.79,2.03,0.70,Ürgüp Sivrisi
"85,753","1,202.06",500.17,219.61,"87,058",330.43,0.90,0.99,0.69,0.75,2.28,0.66,Ürgüp Sivrisi
"108,918","1,398.96",604.76,229.53,"109,782",372.40,0.93,0.99,0.52,0.70,2.63,0.62,Ürgüp Sivrisi
"76,540","1,141.58",482.89,202.21,"77,130",312.18,0.91,0.99,0.55,0.74,2.39,0.65,Ürgüp Sivrisi
"71,027","1,144.79",500.49,182.44,"71,698",300.72,0.93,0.99,0.72,0.68,2.74,0.60,Ürgüp Sivrisi
"97,349","1,331.56",570.13,218.08,"98,088",352.06,0.92,0.99,0.50,0.69,2.61,0.62,Ürgüp Sivrisi
"81,456","1,147.53",471.32,220.74,"82,454",322.05,0.88,0.99,0.69,0.78,2.14,0.68,Ürgüp Sivrisi
"85,993","1,206.11",507.47,216.37,"86,641",330.89,0.90,0.99,0.69,0.74,2.35,0.65,Ürgüp Sivrisi
"78,312","1,120.13",463.00,216.16,"78,961",315.77,0.88,0.99,0.60,0.78,2.14,0.68,Ürgüp Sivrisi
"80,935","1,115.25",445.90,232.02,"81,653",321.01,0.85,0.99,0.66,0.82,1.92,0.72,Ürgüp Sivrisi
"106,237","1,321.71",547.98,247.89,"106,911",367.78,0.89,0.99,0.61,0.76,2.21,0.67,Ürgüp Sivrisi
"62,931","1,012.75",422.20,190.18,"63,481",283.07,0.89,0.99,0.76,0.77,2.22,0.67,Ürgüp Sivrisi
"111,331","1,305.49",510.43,279.08,"112,342",376.50,0.84,0.99,0.73,0.82,1.83,0.74,Ürgüp Sivrisi
"91,349","1,244.32",521.45,224.07,"92,472",341.04,0.90,0.99,0.72,0.74,2.33,0.65,Ürgüp Sivrisi
"109,878","1,364.85",565.75,248.34,"110,934",374.03,0.90,0.99,0.72,0.74,2.28,0.66,Ürgüp Sivrisi
"106,453","1,331.89",555.59,245.52,"107,393",368.16,0.90,0.99,0.76,0.75,2.26,0.66,Ürgüp Sivrisi
"125,214","1,465.65",623.02,256.41,"126,196",399.28,0.91,0.99,0.75,0.73,2.43,0.64,Ürgüp Sivrisi
"86,142","1,210.05",511.40,215.89,"87,164",331.18,0.91,0.99,0.77,0.74,2.37,0.65,Ürgüp Sivrisi
"82,577","1,244.05",542.11,194.34,"83,333",324.25,0.93,0.99,0.59,0.67,2.79,0.60,Ürgüp Sivrisi
"84,684","1,158.56",469.75,230.90,"85,388",328.36,0.87,0.99,0.75,0.79,2.03,0.70,Ürgüp Sivrisi
"83,391","1,208.90",517.94,206.06,"84,113",325.85,0.92,0.99,0.70,0.72,2.51,0.63,Ürgüp Sivrisi
"89,066","1,177.34",478.90,237.37,"89,680",336.75,0.87,0.99,0.61,0.81,2.02,0.70,Ürgüp Sivrisi
"82,001","1,165.85",486.60,215.68,"82,823",323.12,0.90,0.99,0.75,0.76,2.26,0.66,Ürgüp Sivrisi
"80,286","1,121.06",453.96,226.76,"80,997",319.72,0.87,0.99,0.70,0.80,2.00,0.70,Ürgüp Sivrisi
"108,654","1,376.44",584.48,238.27,"109,985",371.94,0.91,0.99,0.61,0.72,2.45,0.64,Ürgüp Sivrisi
"91,148","1,221.80",514.38,226.29,"91,768",340.67,0.90,0.99,0.73,0.77,2.27,0.66,Ürgüp Sivrisi
"66,634","1,027.45",424.53,200.50,"67,162",291.27,0.88,0.99,0.62,0.79,2.12,0.69,Ürgüp Sivrisi
"98,568","1,373.87",561.51,226.94,"100,509",354.26,0.91,0.98,0.53,0.66,2.47,0.63,Ürgüp Sivrisi
"75,129","1,123.37",473.33,203.67,"75,855",309.29,0.90,0.99,0.56,0.75,2.32,0.65,Ürgüp Sivrisi
"110,306","1,413.91",607.84,232.37,"111,470",374.76,0.92,0.99,0.63,0.69,2.62,0.62,Ürgüp Sivrisi
"67,859","1,061.77",441.22,197.33,"68,645",293.94,0.89,0.99,0.73,0.76,2.24,0.67,Ürgüp Sivrisi
"90,147","1,253.24",539.68,213.35,"91,009",338.79,0.92,0.99,0.73,0.72,2.53,0.63,Ürgüp Sivrisi
"110,838","1,432.89",622.88,227.78,"112,366",375.66,0.93,0.99,0.66,0.68,2.73,0.60,Ürgüp Sivrisi
"71,697","1,112.87",471.34,194.77,"72,321",302.14,0.91,0.99,0.60,0.73,2.42,0.64,Ürgüp Sivrisi
"61,121",979.04,402.56,194.26,"61,611",278.97,0.88,0.99,0.68,0.80,2.07,0.69,Ürgüp Sivrisi
"81,944","1,223.37",524.55,199.56,"83,000",323.01,0.92,0.99,0.67,0.69,2.63,0.62,Ürgüp Sivrisi
"94,973","1,198.67",481.69,252.52,"95,572",347.74,0.85,0.99,0.65,0.83,1.91,0.72,Ürgüp Sivrisi
"108,961","1,359.81",570.26,244.16,"109,943",372.47,0.90,0.99,0.55,0.74,2.34,0.65,Ürgüp Sivrisi
"97,251","1,287.69",538.73,230.57,"98,067",351.89,0.90,0.99,0.57,0.74,2.34,0.65,Ürgüp Sivrisi
"65,272","1,019.21",418.45,199.79,"65,948",288.28,0.88,0.99,0.64,0.79,2.09,0.69,Ürgüp Sivrisi
"95,060","1,256.40",524.04,232.57,"96,436",347.90,0.90,0.99,0.73,0.76,2.25,0.66,Ürgüp Sivrisi
"55,993",947.46,387.84,185.12,"56,543",267.01,0.88,0.99,0.74,0.78,2.10,0.69,Ürgüp Sivrisi
"93,812","1,211.23",500.61,238.94,"94,411",345.61,0.88,0.99,0.62,0.80,2.10,0.69,Ürgüp Sivrisi
"75,892","1,119.46",464.66,209.14,"76,674",310.85,0.89,0.99,0.73,0.76,2.22,0.67,Ürgüp Sivrisi
"91,716","1,291.05",554.91,211.88,"92,461",341.73,0.92,0.99,0.64,0.69,2.62,0.62,Ürgüp Sivrisi
"91,868","1,237.48",514.88,228.87,"92,755",342.01,0.90,0.99,0.65,0.75,2.25,0.66,Ürgüp Sivrisi
"93,499","1,323.36",594.42,201.94,"94,971",345.03,0.94,0.98,0.83,0.67,2.94,0.58,Ürgüp Sivrisi
"115,667","1,302.50",513.18,287.88,"116,443",383.76,0.83,0.99,0.68,0.86,1.78,0.75,Ürgüp Sivrisi
"103,882","1,321.95",554.42,239.51,"104,693",363.68,0.90,0.99,0.57,0.75,2.31,0.66,Ürgüp Sivrisi
"110,771","1,315.34",532.78,265.78,"112,195",375.55,0.87,0.99,0.69,0.80,2.00,0.70,Ürgüp Sivrisi
"110,059","1,382.47",584.80,241.07,"111,190",374.34,0.91,0.99,0.66,0.72,2.43,0.64,Ürgüp Sivrisi
"81,263","1,183.74",510.42,203.21,"81,878",321.66,0.92,0.99,0.71,0.73,2.51,0.63,Ürgüp Sivrisi
"60,793","1,057.88",456.67,171.20,"61,707",278.22,0.93,0.99,0.71,0.68,2.67,0.61,Ürgüp Sivrisi
"87,173","1,235.58",529.38,210.24,"87,813",333.15,0.92,0.99,0.54,0.72,2.52,0.63,Ürgüp Sivrisi
"79,829","1,259.15",562.23,181.55,"80,650",318.81,0.95,0.99,0.77,0.63,3.10,0.57,Ürgüp Sivrisi
"76,479","1,145.93",487.58,199.98,"77,181",312.05,0.91,0.99,0.55,0.73,2.44,0.64,Ürgüp Sivrisi
"75,248","1,168.94",508.79,189.18,"75,951",309.53,0.93,0.99,0.72,0.69,2.69,0.61,Ürgüp Sivrisi
"82,860","1,261.73",513.71,207.46,"84,114",324.81,0.91,0.99,0.77,0.65,2.48,0.63,Ürgüp Sivrisi
"107,171","1,408.12",616.03,222.14,"108,266",369.40,0.93,0.99,0.77,0.68,2.77,0.60,Ürgüp Sivrisi
"78,451","1,190.24",511.84,196.28,"79,300",316.05,0.92,0.99,0.59,0.70,2.61,0.62,Ürgüp Sivrisi
"109,065","1,310.27",530.96,262.51,"109,982",372.65,0.87,0.99,0.74,0.80,2.02,0.70,Ürgüp Sivrisi
"98,009","1,319.39",553.28,226.89,"98,921",353.25,0.91,0.99,0.69,0.71,2.44,0.64,Ürgüp Sivrisi
"92,210","1,254.88",523.40,225.20,"93,245",342.64,0.90,0.99,0.73,0.74,2.32,0.65,Ürgüp Sivrisi
"85,817","1,190.49",500.26,219.96,"86,678",330.55,0.90,0.99,0.76,0.76,2.27,0.66,Ürgüp Sivrisi
"106,232","1,349.85",577.25,234.80,"107,137",367.78,0.91,0.99,0.74,0.73,2.46,0.64,Ürgüp Sivrisi
"100,367","1,346.50",585.74,218.59,"101,234",357.48,0.93,0.99,0.76,0.70,2.68,0.61,Ürgüp Sivrisi
"66,110","1,071.58",444.73,191.06,"67,028",290.13,0.90,0.99,0.76,0.72,2.33,0.65,Ürgüp Sivrisi
"89,659","1,275.84",548.40,211.25,"91,175",337.87,0.92,0.98,0.73,0.69,2.60,0.62,Ürgüp Sivrisi
"112,187","1,370.87",573.44,250.26,"113,096",377.94,0.90,0.99,0.73,0.75,2.29,0.66,Ürgüp Sivrisi
"86,237","1,175.09",484.46,227.06,"86,922",331.36,0.88,0.99,0.72,0.78,2.13,0.68,Ürgüp Sivrisi
"126,963","1,476.74",625.33,259.25,"127,781",402.06,0.91,0.99,0.65,0.73,2.41,0.64,Ürgüp Sivrisi
"78,435","1,110.11",459.72,217.64,"78,988",316.02,0.88,0.99,0.75,0.80,2.11,0.69,Ürgüp Sivrisi
"78,509","1,189.57",515.06,195.05,"79,786",316.17,0.93,0.98,0.76,0.70,2.64,0.61,Ürgüp Sivrisi
"92,121","1,263.49",547.34,215.46,"92,801",342.48,0.92,0.99,0.74,0.73,2.54,0.63,Ürgüp Sivrisi
"76,996","1,096.26",447.33,219.80,"77,711",313.10,0.87,0.99,0.73,0.81,2.04,0.70,Ürgüp Sivrisi
"77,070","1,152.83",486.48,202.52,"77,800",313.25,0.91,0.99,0.57,0.73,2.40,0.64,Ürgüp Sivrisi
"96,569","1,286.52",549.64,224.40,"97,350",350.65,0.91,0.99,0.74,0.73,2.45,0.64,Ürgüp Sivrisi
"79,791","1,098.24",443.29,229.59,"80,395",318.74,0.86,0.99,0.72,0.83,1.93,0.72,Ürgüp Sivrisi
"62,573","1,027.22",431.43,185.28,"63,424",282.26,0.90,0.99,0.76,0.75,2.33,0.65,Ürgüp Sivrisi
"115,050","1,443.60",616.58,238.41,"116,063",382.74,0.92,0.99,0.71,0.69,2.59,0.62,Ürgüp Sivrisi
"110,389","1,319.72",540.74,261.43,"111,252",374.90,0.88,0.99,0.71,0.80,2.07,0.69,Ürgüp Sivrisi
"93,023","1,182.70",467.02,255.09,"93,982",344.15,0.84,0.99,0.71,0.84,1.83,0.74,Ürgüp Sivrisi
"95,153","1,275.79",545.14,222.86,"95,835",348.07,0.91,0.99,0.74,0.73,2.45,0.64,Ürgüp Sivrisi
"78,155","1,163.71",490.51,203.72,"79,318",315.45,0.91,0.99,0.58,0.73,2.41,0.64,Ürgüp Sivrisi
"91,103","1,219.04",511.15,228.26,"91,730",340.58,0.89,0.99,0.76,0.77,2.24,0.67,Ürgüp Sivrisi
"71,563","1,099.32",470.89,194.15,"72,156",301.86,0.91,0.99,0.67,0.74,2.43,0.64,Ürgüp Sivrisi
"104,737","1,288.66",528.90,252.94,"105,800",365.18,0.88,0.99,0.76,0.79,2.09,0.69,Ürgüp Sivrisi
"65,353","1,187.43",507.25,177.08,"71,144",288.46,0.94,0.92,0.54,0.58,2.86,0.57,Ürgüp Sivrisi
"77,793","1,112.01",451.96,220.19,"78,655",314.72,0.87,0.99,0.65,0.79,2.05,0.70,Ürgüp Sivrisi
"85,170","1,178.70",495.05,219.54,"85,963",329.31,0.90,0.99,0.70,0.77,2.25,0.67,Ürgüp Sivrisi
"99,759","1,306.81",560.34,226.98,"100,553",356.39,0.91,0.99,0.78,0.73,2.47,0.64,Ürgüp Sivrisi
"84,942","1,144.61",461.04,235.18,"85,679",328.86,0.86,0.99,0.74,0.81,1.96,0.71,Ürgüp Sivrisi
"91,551","1,210.72",498.28,234.82,"92,306",341.42,0.88,0.99,0.71,0.78,2.12,0.69,Ürgüp Sivrisi
"84,112","1,149.42",472.50,227.47,"84,770",327.25,0.88,0.99,0.69,0.80,2.08,0.69,Ürgüp Sivrisi
"86,012","1,211.93",515.81,214.15,"86,709",330.93,0.91,0.99,0.77,0.74,2.41,0.64,Ürgüp Sivrisi
"85,518","1,203.08",505.59,216.85,"86,248",329.98,0.90,0.99,0.58,0.74,2.33,0.65,Ürgüp Sivrisi
"77,348","1,103.37",452.03,218.67,"78,310",313.82,0.88,0.99,0.67,0.80,2.07,0.69,Ürgüp Sivrisi
"73,152","1,091.81",461.29,202.46,"73,699",305.19,0.90,0.99,0.72,0.77,2.28,0.66,Ürgüp Sivrisi
"98,841","1,254.77",497.78,253.98,"99,728",354.75,0.86,0.99,0.64,0.79,1.96,0.71,Ürgüp Sivrisi
"94,129","1,262.08",534.93,224.79,"94,983",346.19,0.91,0.99,0.70,0.74,2.38,0.65,Ürgüp Sivrisi
"90,785","1,194.15",488.25,237.27,"91,588",339.99,0.87,0.99,0.75,0.80,2.06,0.70,Ürgüp Sivrisi
"86,784","1,169.44",475.66,232.89,"87,560",332.41,0.87,0.99,0.74,0.80,2.04,0.70,Ürgüp Sivrisi
"92,231","1,312.65",576.52,204.08,"93,061",342.68,0.94,0.99,0.76,0.67,2.82,0.59,Ürgüp Sivrisi
"69,842","1,105.29",469.50,191.35,"70,742",298.20,0.91,0.99,0.65,0.72,2.45,0.64,Ürgüp Sivrisi
"97,198","1,274.52",532.34,233.66,"98,066",351.79,0.90,0.99,0.68,0.75,2.28,0.66,Ürgüp Sivrisi
"86,473","1,215.22",521.00,211.94,"87,159",331.81,0.91,0.99,0.78,0.74,2.46,0.64,Ürgüp Sivrisi
"75,034","1,161.20",502.02,191.98,"75,714",309.09,0.92,0.99,0.60,0.70,2.62,0.62,Ürgüp Sivrisi
"65,939",999.94,399.93,211.52,"66,452",289.75,0.85,0.99,0.68,0.83,1.89,0.72,Ürgüp Sivrisi
"81,297","1,112.30",441.43,235.17,"82,052",321.73,0.85,0.99,0.75,0.83,1.88,0.73,Ürgüp Sivrisi
"109,914","1,443.43",632.11,221.97,"110,931",374.09,0.94,0.99,0.75,0.66,2.85,0.59,Ürgüp Sivrisi
"78,323","1,152.76",476.63,211.05,"79,445",315.79,0.90,0.99,0.67,0.74,2.26,0.66,Ürgüp Sivrisi
"77,642","1,179.49",504.87,196.63,"78,425",314.42,0.92,0.99,0.69,0.70,2.57,0.62,Ürgüp Sivrisi
"107,268","1,366.90",574.53,238.32,"108,314",369.56,0.91,0.99,0.56,0.72,2.41,0.64,Ürgüp Sivrisi
"105,261","1,283.42",518.07,260.56,"106,036",366.09,0.86,0.99,0.67,0.80,1.99,0.71,Ürgüp Sivrisi
"94,660","1,284.72",548.88,220.19,"95,413",347.17,0.92,0.99,0.74,0.72,2.49,0.63,Ürgüp Sivrisi
"88,674","1,205.49",503.76,224.48,"89,375",336.01,0.90,0.99,0.71,0.77,2.24,0.67,Ürgüp Sivrisi
"82,134","1,231.56",531.12,198.98,"83,204",323.38,0.93,0.99,0.74,0.68,2.67,0.61,Ürgüp Sivrisi
"73,016","1,116.61",476.01,195.85,"73,751",304.90,0.91,0.99,0.78,0.74,2.43,0.64,Ürgüp Sivrisi
"99,902","1,313.85",533.69,241.97,"101,899",356.65,0.89,0.98,0.77,0.73,2.21,0.67,Ürgüp Sivrisi
"81,539","1,138.23",461.00,226.07,"82,290",322.21,0.87,0.99,0.62,0.79,2.04,0.70,Ürgüp Sivrisi
"96,210","1,196.28",475.16,258.64,"97,054",350.00,0.84,0.99,0.67,0.84,1.84,0.74,Ürgüp Sivrisi
"96,928","1,282.20",532.10,233.10,"98,238",351.30,0.90,0.99,0.73,0.74,2.28,0.66,Ürgüp Sivrisi
"66,226","1,029.44",425.80,198.76,"66,792",290.38,0.88,0.99,0.63,0.79,2.14,0.68,Ürgüp Sivrisi
"87,520","1,240.11",525.04,214.17,"88,710",333.82,0.91,0.99,0.65,0.72,2.45,0.64,Ürgüp Sivrisi
"76,810","1,187.56",518.79,189.13,"77,572",312.73,0.93,0.99,0.74,0.68,2.74,0.60,Ürgüp Sivrisi
"111,119","1,285.13",505.21,280.66,"111,927",376.14,0.83,0.99,0.69,0.85,1.80,0.74,Ürgüp Sivrisi
"90,760","1,294.79",553.82,209.05,"91,775",339.94,0.93,0.99,0.55,0.68,2.65,0.61,Ürgüp Sivrisi
"73,608","1,124.53",461.64,206.06,"74,746",306.14,0.89,0.98,0.58,0.73,2.24,0.66,Ürgüp Sivrisi
"85,388","1,237.17",536.42,203.52,"86,236",329.73,0.93,0.99,0.75,0.70,2.64,0.61,Ürgüp Sivrisi
"71,702","1,064.75",431.99,212.14,"72,539",302.15,0.87,0.99,0.71,0.79,2.04,0.70,Ürgüp Sivrisi
"70,157","1,082.42",439.38,207.22,"71,181",298.88,0.88,0.99,0.60,0.75,2.12,0.68,Ürgüp Sivrisi
"105,074","1,302.59",529.84,254.38,"106,547",365.77,0.88,0.99,0.60,0.78,2.08,0.69,Ürgüp Sivrisi
"73,914","1,070.59",438.17,215.75,"74,392",306.77,0.87,0.99,0.64,0.81,2.03,0.70,Ürgüp Sivrisi
"81,348","1,157.45",482.23,215.68,"82,122",321.83,0.89,0.99,0.57,0.76,2.24,0.67,Ürgüp Sivrisi
"66,639","1,024.29",418.90,203.39,"67,174",291.29,0.87,0.99,0.63,0.80,2.06,0.70,Ürgüp Sivrisi
"68,482","1,054.32",443.58,196.86,"69,085",295.29,0.90,0.99,0.61,0.77,2.25,0.67,Ürgüp Sivrisi
"82,717","1,171.96",492.50,214.95,"83,420",324.53,0.90,0.99,0.69,0.76,2.29,0.66,Ürgüp Sivrisi
"55,552",962.99,402.15,176.39,"56,167",265.95,0.90,0.99,0.68,0.75,2.28,0.66,Ürgüp Sivrisi
"73,644","1,063.18",431.88,218.09,"74,167",306.21,0.86,0.99,0.71,0.82,1.98,0.71,Ürgüp Sivrisi
"91,503","1,230.35",512.20,228.66,"92,361",341.33,0.89,0.99,0.58,0.76,2.24,0.67,Ürgüp Sivrisi
"127,033","1,439.29",599.49,270.48,"127,906",402.17,0.89,0.99,0.64,0.77,2.22,0.67,Ürgüp Sivrisi
"97,268","1,267.07",518.75,239.49,"98,334",351.92,0.89,0.99,0.73,0.76,2.17,0.68,Ürgüp Sivrisi
"75,587","1,147.31",487.19,198.48,"76,345",310.23,0.91,0.99,0.73,0.72,2.45,0.64,Ürgüp Sivrisi
"89,747","1,206.36",498.76,229.85,"90,485",338.04,0.89,0.99,0.71,0.77,2.17,0.68,Ürgüp Sivrisi
"96,641","1,337.64",578.08,214.09,"97,695",350.78,0.93,0.99,0.50,0.68,2.70,0.61,Ürgüp Sivrisi
"83,117","1,149.74",468.66,226.79,"84,129",325.31,0.88,0.99,0.69,0.79,2.07,0.69,Ürgüp Sivrisi
"75,964","1,143.32",485.25,200.51,"76,935",311.00,0.91,0.99,0.76,0.73,2.42,0.64,Ürgüp Sivrisi
"67,668","1,099.04",477.05,181.05,"68,326",293.53,0.93,0.99,0.76,0.70,2.63,0.62,Ürgüp Sivrisi
"103,343","1,275.26",521.47,252.89,"104,156",362.74,0.87,0.99,0.75,0.80,2.06,0.70,Ürgüp Sivrisi
"118,283","1,425.40",603.17,250.36,"119,270",388.08,0.91,0.99,0.76,0.73,2.41,0.64,Ürgüp Sivrisi
"84,162","1,145.50",465.39,231.10,"84,777",327.35,0.87,0.99,0.69,0.81,2.01,0.70,Ürgüp Sivrisi
"82,338","1,109.26",443.59,236.87,"82,848",323.78,0.85,0.99,0.74,0.84,1.87,0.73,Ürgüp Sivrisi
"93,313","1,307.84",567.72,209.86,"94,082",344.69,0.93,0.99,0.67,0.69,2.71,0.61,Ürgüp Sivrisi
"66,513","1,069.40",451.80,188.37,"67,412",291.01,0.91,0.99,0.64,0.73,2.40,0.64,Ürgüp Sivrisi
"58,795",968.66,400.69,187.43,"59,326",273.61,0.88,0.99,0.61,0.79,2.14,0.68,Ürgüp Sivrisi
"90,342","1,202.00",497.96,231.26,"91,195",339.16,0.89,0.99,0.77,0.79,2.15,0.68,Ürgüp Sivrisi
"84,061","1,264.18",552.53,194.47,"84,836",327.15,0.94,0.99,0.76,0.66,2.84,0.59,Ürgüp Sivrisi
"111,384","1,415.86",608.68,234.27,"112,407",376.59,0.92,0.99,0.75,0.70,2.60,0.62,Ürgüp Sivrisi
"102,444","1,310.48",547.79,238.65,"103,317",361.16,0.90,0.99,0.66,0.75,2.30,0.66,Ürgüp Sivrisi
"105,517","1,367.88",580.77,232.61,"106,393",366.54,0.92,0.99,0.57,0.71,2.50,0.63,Ürgüp Sivrisi
"119,880","1,412.96",586.04,261.34,"120,796",390.69,0.90,0.99,0.73,0.75,2.24,0.67,Ürgüp Sivrisi
"55,373",997.82,426.33,166.41,"55,938",265.52,0.92,0.99,0.56,0.70,2.56,0.62,Ürgüp Sivrisi
"68,938","1,061.20",437.49,201.26,"69,655",296.27,0.89,0.99,0.65,0.77,2.17,0.68,Ürgüp Sivrisi
"64,436","1,065.43",454.58,180.76,"65,091",286.43,0.92,0.99,0.63,0.71,2.51,0.63,Ürgüp Sivrisi
"59,588",986.25,411.84,184.73,"60,148",275.44,0.89,0.99,0.75,0.77,2.23,0.67,Ürgüp Sivrisi
"91,713","1,264.78",543.07,215.57,"92,392",341.72,0.92,0.99,0.71,0.72,2.52,0.63,Ürgüp Sivrisi
"77,414","1,143.84",485.98,203.31,"78,031",313.95,0.91,0.99,0.71,0.74,2.39,0.65,Ürgüp Sivrisi
"61,600",991.89,409.58,191.86,"62,223",280.06,0.88,0.99,0.77,0.79,2.13,0.68,Ürgüp Sivrisi
"54,359",970.71,414.45,167.27,"54,979",263.08,0.91,0.99,0.56,0.72,2.48,0.63,Ürgüp Sivrisi
"49,171",938.01,379.61,166.51,"50,268",250.21,0.90,0.98,0.63,0.70,2.28,0.66,Ürgüp Sivrisi
"70,907","1,091.27",455.64,199.26,"71,654",300.47,0.90,0.99,0.62,0.75,2.29,0.66,Ürgüp Sivrisi
"74,785","1,131.46",484.06,197.10,"75,358",308.58,0.91,0.99,0.75,0.73,2.46,0.64,Ürgüp Sivrisi
"75,565","1,103.47",456.67,211.23,"76,167",310.18,0.89,0.99,0.72,0.78,2.16,0.68,Ürgüp Sivrisi
"79,991","1,155.52",481.83,212.22,"80,847",319.14,0.90,0.99,0.74,0.75,2.27,0.66,Ürgüp Sivrisi
"70,394","1,138.10",491.48,184.53,"71,338",299.38,0.93,0.99,0.62,0.68,2.66,0.61,Ürgüp Sivrisi
"52,657",928.43,390.57,171.99,"53,093",258.93,0.90,0.99,0.57,0.77,2.27,0.66,Ürgüp Sivrisi
"68,486","1,110.82",479.28,182.37,"69,157",295.29,0.92,0.99,0.56,0.70,2.63,0.62,Ürgüp Sivrisi
"60,608","1,020.24",436.85,177.18,"61,146",277.79,0.91,0.99,0.77,0.73,2.47,0.64,Ürgüp Sivrisi
"79,701","1,178.20",499.57,207.24,"81,292",318.56,0.91,0.98,0.73,0.72,2.41,0.64,Ürgüp Sivrisi
"57,363",953.26,392.66,186.75,"57,918",270.25,0.88,0.99,0.59,0.79,2.10,0.69,Ürgüp Sivrisi
"49,273",895.17,374.14,168.29,"49,739",250.47,0.89,0.99,0.65,0.77,2.22,0.67,Ürgüp Sivrisi
"77,089","1,165.28",504.68,195.26,"77,627",313.29,0.92,0.99,0.54,0.71,2.58,0.62,Ürgüp Sivrisi
"68,697","1,111.68",481.55,183.76,"69,826",295.75,0.92,0.98,0.71,0.70,2.62,0.61,Ürgüp Sivrisi
"47,939",868.49,359.10,170.18,"48,366",247.06,0.88,0.99,0.74,0.80,2.11,0.69,Ürgüp Sivrisi
"50,670",914.55,389.96,165.83,"51,092",254.00,0.91,0.99,0.77,0.76,2.35,0.65,Ürgüp Sivrisi
"65,691","1,122.06",492.89,170.13,"66,383",289.21,0.94,0.99,0.47,0.66,2.90,0.59,Ürgüp Sivrisi
"50,822",917.53,381.46,170.23,"51,648",254.38,0.89,0.98,0.66,0.76,2.24,0.67,Ürgüp Sivrisi
"52,696",932.86,395.33,170.14,"53,159",259.03,0.90,0.99,0.65,0.76,2.32,0.66,Ürgüp Sivrisi
"61,949","1,033.42",439.77,179.69,"62,581",280.85,0.91,0.99,0.60,0.73,2.45,0.64,Ürgüp Sivrisi
"70,215","1,094.37",462.95,193.96,"70,864",299.00,0.91,0.99,0.73,0.74,2.39,0.65,Ürgüp Sivrisi
"56,867","1,006.15",437.62,165.91,"57,411",269.08,0.93,0.99,0.52,0.71,2.64,0.61,Ürgüp Sivrisi
"61,772",967.37,393.78,200.55,"62,171",280.45,0.86,0.99,0.75,0.83,1.96,0.71,Ürgüp Sivrisi
"52,975",947.47,403.87,167.83,"53,437",259.71,0.91,0.99,0.54,0.74,2.41,0.64,Ürgüp Sivrisi
"83,124","1,177.79",498.39,213.23,"83,752",325.33,0.90,0.99,0.61,0.75,2.34,0.65,Ürgüp Sivrisi
"59,862","1,028.10",445.43,171.94,"60,303",276.08,0.92,0.99,0.75,0.71,2.59,0.62,Ürgüp Sivrisi
"63,870","1,040.04",441.64,185.36,"64,583",285.17,0.91,0.99,0.56,0.74,2.38,0.65,Ürgüp Sivrisi
"62,025",975.99,396.19,199.75,"62,565",281.02,0.86,0.99,0.67,0.82,1.98,0.71,Ürgüp Sivrisi
"55,082","1,037.75",464.28,152.17,"55,733",264.83,0.94,0.99,0.63,0.64,3.05,0.57,Ürgüp Sivrisi
"98,208","1,279.56",539.51,232.41,"98,983",353.61,0.90,0.99,0.69,0.75,2.32,0.66,Ürgüp Sivrisi
"72,988","1,070.86",437.04,213.75,"73,539",304.85,0.87,0.99,0.64,0.80,2.04,0.70,Ürgüp Sivrisi
"82,396","1,150.98",467.57,225.57,"83,135",323.90,0.88,0.99,0.73,0.78,2.07,0.69,Ürgüp Sivrisi
"62,253","1,050.31",444.98,179.03,"63,280",281.54,0.92,0.98,0.60,0.71,2.49,0.63,Ürgüp Sivrisi
"94,813","1,227.61",502.78,240.76,"95,573",347.45,0.88,0.99,0.74,0.79,2.09,0.69,Ürgüp Sivrisi
"65,376","1,052.25",446.91,186.57,"65,968",288.51,0.91,0.99,0.63,0.74,2.40,0.65,Ürgüp Sivrisi
"88,896","1,168.74",466.82,243.30,"89,633",336.43,0.85,0.99,0.67,0.82,1.92,0.72,Ürgüp Sivrisi
"59,332","1,007.63",428.27,177.73,"60,071",274.85,0.91,0.99,0.64,0.73,2.41,0.64,Ürgüp Sivrisi
"68,464","1,087.83",461.50,189.41,"69,255",295.25,0.91,0.99,0.72,0.73,2.44,0.64,Ürgüp Sivrisi
"66,512","1,057.92",440.66,192.57,"67,301",291.01,0.90,0.99,0.61,0.75,2.29,0.66,Ürgüp Sivrisi
"67,803","1,055.54",439.78,196.85,"68,460",293.82,0.89,0.99,0.74,0.76,2.23,0.67,Ürgüp Sivrisi
"88,995","1,227.34",516.89,219.61,"89,728",336.62,0.91,0.99,0.76,0.74,2.35,0.65,Ürgüp Sivrisi
"95,776","1,216.31",471.47,260.09,"97,009",349.21,0.83,0.99,0.66,0.81,1.81,0.74,Ürgüp Sivrisi
"90,540","1,233.06",511.99,226.65,"91,871",339.53,0.90,0.99,0.73,0.75,2.26,0.66,Ürgüp Sivrisi
"68,063","1,139.03",505.10,173.27,"68,640",294.38,0.94,0.99,0.76,0.66,2.92,0.58,Ürgüp Sivrisi
"103,910","1,277.05",517.28,256.37,"104,580",363.73,0.87,0.99,0.70,0.80,2.02,0.70,Ürgüp Sivrisi
"72,823","1,131.27",482.64,192.39,"73,513",304.50,0.92,0.99,0.57,0.72,2.51,0.63,Ürgüp Sivrisi
"72,604","1,116.72",472.08,196.43,"73,372",304.04,0.91,0.99,0.70,0.73,2.40,0.64,Ürgüp Sivrisi
"132,035","1,520.53",640.19,265.37,"133,706",410.01,0.91,0.99,0.56,0.72,2.41,0.64,Ürgüp Sivrisi
"65,186","1,032.76",428.18,194.60,"65,755",288.09,0.89,0.99,0.57,0.77,2.20,0.67,Ürgüp Sivrisi
"79,880","1,185.41",510.04,200.59,"80,832",318.91,0.92,0.99,0.57,0.71,2.54,0.63,Ürgüp Sivrisi
"93,884","1,241.20",517.47,231.51,"94,613",345.74,0.89,0.99,0.74,0.77,2.24,0.67,Ürgüp Sivrisi
"84,853","1,191.60",498.96,218.60,"85,930",328.69,0.90,0.99,0.69,0.75,2.28,0.66,Ürgüp Sivrisi
"89,020","1,241.73",529.45,215.11,"90,140",336.67,0.91,0.99,0.67,0.73,2.46,0.64,Ürgüp Sivrisi
"95,520","1,226.20",502.92,243.01,"96,718",348.74,0.88,0.99,0.68,0.80,2.07,0.69,Ürgüp Sivrisi
"90,363","1,193.04",481.51,240.07,"91,407",339.20,0.87,0.99,0.71,0.80,2.01,0.70,Ürgüp Sivrisi
"99,598","1,299.34",538.78,237.49,"101,123",356.11,0.90,0.98,0.56,0.74,2.27,0.66,Ürgüp Sivrisi
"71,501","1,093.25",425.38,218.84,"72,489",301.72,0.86,0.99,0.59,0.75,1.94,0.71,Ürgüp Sivrisi
"75,409","1,137.14",477.07,203.90,"76,303",309.86,0.90,0.99,0.58,0.73,2.34,0.65,Ürgüp Sivrisi
"64,470","1,032.56",433.71,189.71,"65,067",286.51,0.90,0.99,0.74,0.76,2.29,0.66,Ürgüp Sivrisi
"77,229","1,081.48",432.76,227.61,"77,844",313.58,0.85,0.99,0.71,0.83,1.90,0.72,Ürgüp Sivrisi
"83,532","1,199.60",503.25,213.77,"84,671",326.12,0.91,0.99,0.71,0.73,2.35,0.65,Ürgüp Sivrisi
"89,694","1,209.93",500.18,229.96,"90,718",337.94,0.89,0.99,0.62,0.77,2.18,0.68,Ürgüp Sivrisi
"78,337","1,137.15",469.52,213.76,"79,233",315.82,0.89,0.99,0.57,0.76,2.20,0.67,Ürgüp Sivrisi
"73,030","1,107.54",468.14,199.42,"73,777",304.93,0.90,0.99,0.56,0.75,2.35,0.65,Ürgüp Sivrisi
"85,317","1,219.97",526.48,206.77,"85,941",329.59,0.92,0.99,0.67,0.72,2.55,0.63,Ürgüp Sivrisi
"83,624","1,157.79",473.61,226.44,"84,283",326.30,0.88,0.99,0.63,0.78,2.09,0.69,Ürgüp Sivrisi
"101,280","1,280.91",535.99,240.97,"102,057",359.10,0.89,0.99,0.74,0.78,2.22,0.67,Ürgüp Sivrisi
"103,569","1,388.15",603.97,220.32,"104,809",363.14,0.93,0.99,0.51,0.68,2.74,0.60,Ürgüp Sivrisi
"77,907","1,145.28",484.02,205.71,"78,790",314.95,0.91,0.99,0.74,0.75,2.35,0.65,Ürgüp Sivrisi
"93,169","1,252.14",523.49,227.98,"94,282",344.42,0.90,0.99,0.61,0.75,2.30,0.66,Ürgüp Sivrisi
"88,939","1,228.14",487.29,235.46,"90,454",336.51,0.88,0.98,0.55,0.74,2.07,0.69,Ürgüp Sivrisi
"88,217","1,154.67",453.99,248.95,"89,079",335.14,0.84,0.99,0.72,0.83,1.82,0.74,Ürgüp Sivrisi
"78,111","1,211.27",526.59,190.83,"78,821",315.36,0.93,0.99,0.53,0.67,2.76,0.60,Ürgüp Sivrisi
"120,014","1,492.18",649.00,236.22,"121,003",390.90,0.93,0.99,0.55,0.68,2.75,0.60,Ürgüp Sivrisi
"90,219","1,216.85",505.09,227.88,"90,973",338.93,0.89,0.99,0.61,0.77,2.22,0.67,Ürgüp Sivrisi
"96,325","1,305.86",551.40,224.99,"97,155",350.21,0.91,0.99,0.52,0.71,2.45,0.64,Ürgüp Sivrisi
"72,949","1,083.60",442.31,211.03,"73,519",304.76,0.88,0.99,0.72,0.78,2.10,0.69,Ürgüp Sivrisi
"96,861","1,289.91",551.92,225.61,"97,573",351.18,0.91,0.99,0.73,0.73,2.45,0.64,Ürgüp Sivrisi
"108,532","1,359.26",563.29,247.06,"109,893",371.74,0.90,0.99,0.57,0.74,2.28,0.66,Ürgüp Sivrisi
"80,264","1,192.88",507.32,202.52,"80,991",319.68,0.92,0.99,0.53,0.71,2.51,0.63,Ürgüp Sivrisi
"76,343","1,092.09",442.30,221.06,"77,005",311.77,0.87,0.99,0.75,0.80,2.00,0.70,Ürgüp Sivrisi
"99,838","1,242.02",488.98,261.21,"100,656",356.54,0.85,0.99,0.74,0.81,1.87,0.73,Ürgüp Sivrisi
"71,508","1,102.28",465.51,197.69,"72,272",301.74,0.91,0.99,0.75,0.74,2.35,0.65,Ürgüp Sivrisi
"63,619","1,021.41",425.46,191.21,"64,360",284.61,0.89,0.99,0.74,0.77,2.23,0.67,Ürgüp Sivrisi
"96,203","1,268.35",537.48,228.67,"96,833",349.98,0.91,0.99,0.77,0.75,2.35,0.65,Ürgüp Sivrisi
"85,686","1,244.68",528.07,208.06,"86,599",330.30,0.92,0.99,0.51,0.70,2.54,0.63,Ürgüp Sivrisi
"103,635","1,388.12",589.25,224.82,"105,469",363.25,0.92,0.98,0.73,0.68,2.62,0.62,Ürgüp Sivrisi
"103,314","1,385.86",600.19,219.63,"104,289",362.69,0.93,0.99,0.62,0.68,2.73,0.60,Ürgüp Sivrisi
"79,775","1,151.15",480.01,211.90,"80,434",318.70,0.90,0.99,0.76,0.76,2.27,0.66,Ürgüp Sivrisi
"69,320","1,040.86",417.30,212.22,"70,054",297.09,0.86,0.99,0.75,0.80,1.97,0.71,Ürgüp Sivrisi
"80,847","1,154.28",485.15,212.82,"81,690",320.84,0.90,0.99,0.77,0.76,2.28,0.66,Ürgüp Sivrisi
"76,580","1,189.76",522.85,187.00,"77,235",312.26,0.93,0.99,0.73,0.68,2.80,0.60,Ürgüp Sivrisi
"80,285","1,141.49",471.07,217.83,"81,085",319.72,0.89,0.99,0.69,0.77,2.16,0.68,Ürgüp Sivrisi
"99,985","1,240.47",501.40,254.48,"100,731",356.80,0.86,0.99,0.73,0.82,1.97,0.71,Ürgüp Sivrisi
"71,920","1,110.30",471.25,194.78,"72,537",302.61,0.91,0.99,0.76,0.73,2.42,0.64,Ürgüp Sivrisi
"65,860","1,039.46",427.84,198.54,"66,623",289.58,0.89,0.99,0.58,0.77,2.16,0.68,Ürgüp Sivrisi
"54,627",959.82,408.22,170.81,"55,104",263.73,0.91,0.99,0.56,0.75,2.39,0.65,Ürgüp Sivrisi
"86,319","1,196.58",505.45,217.82,"86,959",331.52,0.90,0.99,0.76,0.76,2.32,0.66,Ürgüp Sivrisi
"78,642","1,152.58",492.33,203.87,"79,237",316.43,0.91,0.99,0.54,0.74,2.41,0.64,Ürgüp Sivrisi
"78,756","1,211.88",529.85,190.33,"79,847",316.66,0.93,0.99,0.74,0.67,2.78,0.60,Ürgüp Sivrisi
"68,679","1,067.74",449.02,195.30,"69,383",295.71,0.90,0.99,0.73,0.76,2.30,0.66,Ürgüp Sivrisi
"73,759","1,122.91",475.69,199.42,"74,530",306.45,0.91,0.99,0.71,0.74,2.39,0.64,Ürgüp Sivrisi
"83,111","1,164.22",482.64,220.68,"83,841",325.30,0.89,0.99,0.61,0.77,2.19,0.67,Ürgüp Sivrisi
"86,915","1,195.40",497.36,223.01,"87,555",332.66,0.89,0.99,0.60,0.76,2.23,0.67,Ürgüp Sivrisi
"97,269","1,336.83",583.42,213.02,"98,347",351.92,0.93,0.99,0.50,0.68,2.74,0.60,Ürgüp Sivrisi
"78,746","1,167.90",499.08,202.90,"79,514",316.64,0.91,0.99,0.53,0.73,2.46,0.63,Ürgüp Sivrisi
"77,078","1,101.58",454.24,216.83,"77,638",313.27,0.88,0.99,0.68,0.80,2.10,0.69,Ürgüp Sivrisi
"91,005","1,253.77",528.16,220.56,"92,214",340.40,0.91,0.99,0.60,0.73,2.39,0.64,Ürgüp Sivrisi
"86,724","1,211.94",493.83,226.18,"88,020",332.30,0.89,0.99,0.58,0.74,2.18,0.67,Ürgüp Sivrisi
"86,075","1,163.36",472.88,232.97,"86,857",331.05,0.87,0.99,0.71,0.80,2.03,0.70,Ürgüp Sivrisi
"89,350","1,118.99",425.75,267.84,"90,118",337.29,0.78,0.99,0.73,0.90,1.59,0.79,Ürgüp Sivrisi
"77,737","1,125.41",468.54,211.62,"78,398",314.61,0.89,0.99,0.74,0.77,2.21,0.67,Ürgüp Sivrisi
"75,421","1,173.57",510.55,188.45,"76,426",309.89,0.93,0.99,0.76,0.69,2.71,0.61,Ürgüp Sivrisi
"55,723",941.40,388.82,182.93,"56,225",266.36,0.88,0.99,0.59,0.79,2.13,0.69,Ürgüp Sivrisi
"95,735","1,270.70",529.72,231.03,"96,500",349.13,0.90,0.99,0.73,0.75,2.29,0.66,Ürgüp Sivrisi
"93,799","1,285.86",542.46,220.66,"94,619",345.58,0.91,0.99,0.64,0.71,2.46,0.64,Ürgüp Sivrisi
"74,118","1,104.84",459.81,206.60,"74,996",307.20,0.89,0.99,0.61,0.76,2.23,0.67,Ürgüp Sivrisi
"67,347","1,027.79",423.21,202.94,"67,958",292.83,0.88,0.99,0.75,0.80,2.09,0.69,Ürgüp Sivrisi
"86,862","1,189.50",494.13,224.36,"87,594",332.56,0.89,0.99,0.75,0.77,2.20,0.67,Ürgüp Sivrisi
"80,785","1,120.54",450.35,229.08,"81,739",320.72,0.86,0.99,0.64,0.81,1.97,0.71,Ürgüp Sivrisi
"89,574","1,239.55",526.03,218.98,"90,920",337.71,0.91,0.99,0.62,0.73,2.40,0.64,Ürgüp Sivrisi
"106,782","1,316.33",546.45,250.36,"107,393",368.73,0.89,0.99,0.65,0.77,2.18,0.67,Ürgüp Sivrisi
"100,766","1,311.20",548.86,235.19,"101,571",358.19,0.90,0.99,0.56,0.74,2.33,0.65,Ürgüp Sivrisi
"80,145","1,182.36",505.68,202.38,"81,511",319.44,0.92,0.98,0.58,0.72,2.50,0.63,Ürgüp Sivrisi
"73,251","1,123.57",473.09,198.47,"73,846",305.39,0.91,0.99,0.54,0.73,2.38,0.65,Ürgüp Sivrisi
"106,829","1,299.52",521.13,262.03,"107,701",368.81,0.86,0.99,0.62,0.79,1.99,0.71,Ürgüp Sivrisi
"100,038","1,292.66",534.72,239.30,"101,116",356.89,0.89,0.99,0.75,0.75,2.23,0.67,Ürgüp Sivrisi
"72,159","1,173.86",521.71,176.98,"72,784",303.11,0.94,0.99,0.64,0.66,2.95,0.58,Ürgüp Sivrisi
"78,000","1,175.37",497.24,200.96,"79,006",315.14,0.91,0.99,0.52,0.71,2.47,0.63,Ürgüp Sivrisi
"100,296","1,302.28",545.71,235.59,"101,503",357.35,0.90,0.99,0.68,0.74,2.32,0.65,Ürgüp Sivrisi
"88,396","1,205.82",497.41,226.82,"89,318",335.48,0.89,0.99,0.73,0.76,2.19,0.67,Ürgüp Sivrisi
"79,251","1,177.63",495.12,204.52,"80,067",317.66,0.91,0.99,0.64,0.72,2.42,0.64,Ürgüp Sivrisi
"81,290","1,248.45",548.98,189.05,"82,120",321.72,0.94,0.99,0.77,0.66,2.90,0.59,Ürgüp Sivrisi
"68,397","1,071.94",441.17,198.84,"69,149",295.10,0.89,0.99,0.61,0.75,2.22,0.67,Ürgüp Sivrisi
"67,677","1,064.93",437.16,198.06,"68,262",293.55,0.89,0.99,0.70,0.75,2.21,0.67,Ürgüp Sivrisi
"82,826","1,178.50",491.67,215.72,"83,554",324.74,0.90,0.99,0.65,0.75,2.28,0.66,Ürgüp Sivrisi
"60,160",995.15,419.67,183.05,"60,654",276.76,0.90,0.99,0.77,0.76,2.29,0.66,Ürgüp Sivrisi
"89,179","1,189.41",484.35,235.51,"89,851",336.97,0.87,0.99,0.60,0.79,2.06,0.70,Ürgüp Sivrisi
"79,688","1,129.41",471.02,216.15,"80,409",318.53,0.89,0.99,0.78,0.79,2.18,0.68,Ürgüp Sivrisi
"86,604","1,189.61",495.03,223.85,"87,251",332.07,0.89,0.99,0.76,0.77,2.21,0.67,Ürgüp Sivrisi
"71,912","1,044.04",416.67,220.61,"72,499",302.59,0.85,0.99,0.75,0.83,1.89,0.73,Ürgüp Sivrisi
"66,596","1,064.96",451.89,188.26,"67,272",291.19,0.91,0.99,0.75,0.74,2.40,0.64,Ürgüp Sivrisi
"74,309","1,095.57",457.27,207.55,"74,833",307.59,0.89,0.99,0.64,0.78,2.20,0.67,Ürgüp Sivrisi
"90,267","1,263.08",540.45,214.84,"90,961",339.02,0.92,0.99,0.70,0.71,2.52,0.63,Ürgüp Sivrisi
"96,304","1,349.21",590.32,209.03,"97,160",350.17,0.94,0.99,0.76,0.66,2.82,0.59,Ürgüp Sivrisi
"78,540","1,077.19",424.94,236.02,"79,211",316.23,0.83,0.99,0.74,0.85,1.80,0.74,Ürgüp Sivrisi
"63,802","1,045.58",445.52,183.63,"64,434",285.02,0.91,0.99,0.74,0.73,2.43,0.64,Ürgüp Sivrisi
"80,113","1,167.92",493.79,207.15,"80,841",319.38,0.91,0.99,0.57,0.74,2.38,0.65,Ürgüp Sivrisi
"77,867","1,124.85",471.26,210.80,"78,472",314.87,0.89,0.99,0.74,0.77,2.24,0.67,Ürgüp Sivrisi
"71,449","1,038.75",390.18,236.49,"72,174",301.62,0.80,0.99,0.76,0.83,1.65,0.77,Ürgüp Sivrisi
"78,911","1,128.54",465.76,217.28,"79,544",316.97,0.88,0.99,0.72,0.78,2.14,0.68,Ürgüp Sivrisi
"65,814","1,018.30",416.83,201.81,"66,373",289.48,0.88,0.99,0.71,0.80,2.07,0.69,Ürgüp Sivrisi
"52,493",911.11,376.89,177.60,"52,958",258.53,0.88,0.99,0.63,0.79,2.12,0.69,Ürgüp Sivrisi
"64,237","1,041.59",442.15,185.20,"64,823",285.99,0.91,0.99,0.60,0.74,2.39,0.65,Ürgüp Sivrisi
"77,965","1,127.07",469.00,211.99,"78,619",315.07,0.89,0.99,0.68,0.77,2.21,0.67,Ürgüp Sivrisi
"72,694","1,107.96",470.43,197.59,"73,269",304.23,0.91,0.99,0.77,0.74,2.38,0.65,Ürgüp Sivrisi
"70,510","1,129.73",487.10,185.00,"71,220",299.63,0.93,0.99,0.54,0.69,2.63,0.62,Ürgüp Sivrisi
"81,487","1,136.50",468.60,221.86,"82,219",322.11,0.88,0.99,0.75,0.79,2.11,0.69,Ürgüp Sivrisi
"71,347","1,086.97",457.88,199.31,"71,988",301.40,0.90,0.99,0.67,0.76,2.30,0.66,Ürgüp Sivrisi
"69,545","1,169.34",522.26,173.85,"70,958",297.57,0.94,0.98,0.69,0.64,3.00,0.57,Ürgüp Sivrisi
"82,145","1,161.00",487.58,215.36,"82,763",323.40,0.90,0.99,0.72,0.77,2.26,0.66,Ürgüp Sivrisi
"77,829","1,138.77",476.74,209.11,"78,626",314.79,0.90,0.99,0.61,0.75,2.28,0.66,Ürgüp Sivrisi
"82,272","1,121.77",459.45,228.28,"82,865",323.65,0.87,0.99,0.73,0.82,2.01,0.70,Ürgüp Sivrisi
"84,041","1,189.88",493.61,217.76,"85,051",327.12,0.90,0.99,0.59,0.75,2.27,0.66,Ürgüp Sivrisi
"88,080","1,164.59",473.47,237.42,"88,730",334.88,0.87,0.99,0.65,0.82,1.99,0.71,Ürgüp Sivrisi
"72,399","1,148.91",498.99,185.75,"73,296",303.61,0.93,0.99,0.68,0.69,2.69,0.61,Ürgüp Sivrisi
"76,018","1,130.74",424.96,235.25,"77,154",311.11,0.83,0.99,0.78,0.75,1.81,0.73,Ürgüp Sivrisi
"81,267","1,151.43",472.81,220.09,"82,368",321.67,0.89,0.99,0.65,0.77,2.15,0.68,Ürgüp Sivrisi
"67,962","1,005.69",399.83,217.40,"68,470",294.16,0.84,0.99,0.66,0.84,1.84,0.74,Ürgüp Sivrisi
"88,664","1,281.33",547.29,208.21,"89,761",335.99,0.92,0.99,0.56,0.68,2.63,0.61,Ürgüp Sivrisi
"60,061",966.98,387.25,199.94,"60,739",276.54,0.86,0.99,0.71,0.81,1.94,0.71,Ürgüp Sivrisi
"90,843","1,217.47",506.70,228.91,"91,508",340.10,0.89,0.99,0.75,0.77,2.21,0.67,Ürgüp Sivrisi
"85,408","1,197.41",486.24,224.85,"86,798",329.76,0.89,0.98,0.58,0.75,2.16,0.68,Ürgüp Sivrisi
"98,745","1,290.09",541.04,232.96,"99,459",354.58,0.90,0.99,0.58,0.75,2.32,0.66,Ürgüp Sivrisi
"71,383","1,101.67",463.94,196.61,"71,987",301.48,0.91,0.99,0.55,0.74,2.36,0.65,Ürgüp Sivrisi
"75,133","1,084.76",432.59,223.19,"76,161",309.29,0.86,0.99,0.75,0.80,1.94,0.72,Ürgüp Sivrisi
"76,751","1,133.18",467.77,210.44,"77,745",312.61,0.89,0.99,0.72,0.75,2.22,0.67,Ürgüp Sivrisi
"88,927","1,219.85",511.53,222.01,"89,616",336.49,0.90,0.99,0.64,0.75,2.30,0.66,Ürgüp Sivrisi
"82,527","1,124.69",450.35,234.54,"83,174",324.16,0.85,0.99,0.63,0.82,1.92,0.72,Ürgüp Sivrisi
"96,644","1,251.92",482.42,261.20,"98,280",350.79,0.84,0.98,0.76,0.77,1.85,0.73,Ürgüp Sivrisi
"57,366",947.18,390.97,187.57,"57,852",270.26,0.88,0.99,0.74,0.80,2.08,0.69,Ürgüp Sivrisi
"58,055",938.36,373.57,198.72,"58,730",271.88,0.85,0.99,0.75,0.83,1.88,0.73,Ürgüp Sivrisi
"111,788","1,387.70",583.43,246.14,"112,884",377.27,0.91,0.99,0.73,0.73,2.37,0.65,Ürgüp Sivrisi
"75,574","1,066.12",411.85,236.19,"76,639",310.20,0.82,0.99,0.75,0.84,1.74,0.75,Ürgüp Sivrisi
"135,455","1,451.91",580.88,297.80,"136,373",415.29,0.86,0.99,0.69,0.81,1.95,0.71,Ürgüp Sivrisi
"112,914","1,408.76",600.60,239.73,"113,754",379.17,0.92,0.99,0.73,0.72,2.51,0.63,Ürgüp Sivrisi
"108,392","1,360.61",565.63,245.21,"109,408",371.50,0.90,0.99,0.59,0.74,2.31,0.66,Ürgüp Sivrisi
"75,486","1,195.25",515.54,188.03,"76,527",310.02,0.93,0.99,0.59,0.66,2.74,0.60,Ürgüp Sivrisi
"57,109",974.64,404.44,183.35,"57,811",269.65,0.89,0.99,0.68,0.76,2.21,0.67,Ürgüp Sivrisi
"110,913","1,343.40",558.89,253.44,"111,715",375.79,0.89,0.99,0.74,0.77,2.21,0.67,Ürgüp Sivrisi
"94,496","1,333.29",545.30,223.83,"96,097",346.87,0.91,0.98,0.62,0.67,2.44,0.64,Ürgüp Sivrisi
"82,684","1,177.12",495.69,214.00,"83,294",324.46,0.90,0.99,0.59,0.75,2.32,0.65,Ürgüp Sivrisi
"67,208","1,114.39",482.69,179.09,"67,904",292.53,0.93,0.99,0.50,0.68,2.70,0.61,Ürgüp Sivrisi
"68,806","1,030.20",419.43,210.05,"69,379",295.98,0.87,0.99,0.74,0.81,2.00,0.71,Ürgüp Sivrisi
"95,385","1,253.28",517.08,235.43,"96,160",348.49,0.89,0.99,0.60,0.76,2.20,0.67,Ürgüp Sivrisi
"52,913",920.61,376.01,179.83,"53,567",259.56,0.88,0.99,0.64,0.78,2.09,0.69,Ürgüp Sivrisi
"74,733","1,128.33",479.15,198.92,"75,315",308.47,0.91,0.99,0.55,0.74,2.41,0.64,Ürgüp Sivrisi
"66,485","1,042.92",438.99,193.37,"67,145",290.95,0.90,0.99,0.76,0.77,2.27,0.66,Ürgüp Sivrisi
"71,746","1,139.12",497.19,184.40,"72,356",302.24,0.93,0.99,0.65,0.69,2.70,0.61,Ürgüp Sivrisi
"61,022","1,034.12",441.73,178.03,"61,763",278.74,0.92,0.99,0.75,0.72,2.48,0.63,Ürgüp Sivrisi
"87,631","1,237.64",531.19,210.88,"88,328",334.03,0.92,0.99,0.57,0.72,2.52,0.63,Ürgüp Sivrisi
"71,437","1,127.08",448.91,203.44,"72,663",301.59,0.89,0.98,0.62,0.71,2.21,0.67,Ürgüp Sivrisi
"99,484","1,325.35",572.97,222.05,"100,347",355.90,0.92,0.99,0.76,0.71,2.58,0.62,Ürgüp Sivrisi
"107,935","1,264.57",493.67,280.98,"108,930",370.71,0.82,0.99,0.70,0.85,1.76,0.75,Ürgüp Sivrisi
"69,442","1,047.34",427.16,207.97,"70,134",297.35,0.87,0.99,0.67,0.80,2.05,0.70,Ürgüp Sivrisi
"60,501",962.05,384.23,202.55,"61,120",277.55,0.85,0.99,0.66,0.82,1.90,0.72,Ürgüp Sivrisi
"73,046","1,124.12",471.26,198.37,"74,035",304.97,0.91,0.99,0.57,0.73,2.38,0.65,Ürgüp Sivrisi
"79,311","1,134.00",471.62,214.72,"80,061",317.78,0.89,0.99,0.59,0.78,2.20,0.67,Ürgüp Sivrisi
"90,209","1,212.90",500.11,230.38,"91,059",338.91,0.89,0.99,0.72,0.77,2.17,0.68,Ürgüp Sivrisi
"72,779","1,142.03",491.27,189.32,"73,355",304.41,0.92,0.99,0.57,0.70,2.60,0.62,Ürgüp Sivrisi
"69,307","1,066.61",446.53,198.25,"69,864",297.06,0.90,0.99,0.74,0.77,2.25,0.67,Ürgüp Sivrisi
"80,188","1,136.14",469.64,218.91,"80,895",319.53,0.88,0.99,0.69,0.78,2.15,0.68,Ürgüp Sivrisi
"78,618","1,174.68",475.54,212.10,"79,874",316.39,0.90,0.98,0.56,0.72,2.24,0.67,Ürgüp Sivrisi
"84,332","1,200.79",508.07,211.72,"85,065",327.68,0.91,0.99,0.54,0.74,2.40,0.64,Ürgüp Sivrisi
"85,367","1,174.70",482.75,226.21,"86,210",329.69,0.88,0.99,0.69,0.78,2.13,0.68,Ürgüp Sivrisi
"75,637","1,167.73",508.15,190.16,"76,383",310.33,0.93,0.99,0.67,0.70,2.67,0.61,Ürgüp Sivrisi
"54,889",908.39,367.15,191.09,"55,393",264.36,0.85,0.99,0.75,0.84,1.92,0.72,Ürgüp Sivrisi
"84,695","1,234.86",535.94,202.02,"85,511",328.39,0.93,0.99,0.76,0.70,2.65,0.61,Ürgüp Sivrisi
"62,519",980.92,355.22,229.66,"63,595",282.14,0.76,0.98,0.65,0.82,1.55,0.79,Ürgüp Sivrisi
"69,969","1,046.42",424.06,211.41,"70,593",298.48,0.87,0.99,0.71,0.80,2.01,0.70,Ürgüp Sivrisi
"110,036","1,374.74",573.88,245.45,"110,939",374.30,0.90,0.99,0.58,0.73,2.34,0.65,Ürgüp Sivrisi
"97,019","1,291.44",551.14,224.62,"97,722",351.47,0.91,0.99,0.73,0.73,2.45,0.64,Ürgüp Sivrisi
"116,243","1,439.46",621.26,239.33,"117,738",384.71,0.92,0.99,0.75,0.71,2.60,0.62,Ürgüp Sivrisi
"78,149","1,135.60",465.41,214.90,"79,172",315.44,0.89,0.99,0.73,0.76,2.17,0.68,Ürgüp Sivrisi
"83,828","1,103.11",426.65,252.01,"84,621",326.70,0.81,0.99,0.77,0.87,1.69,0.77,Ürgüp Sivrisi
"81,483","1,166.90",482.70,215.59,"82,374",322.10,0.89,0.99,0.74,0.75,2.24,0.67,Ürgüp Sivrisi
"75,499","1,092.65",444.71,217.78,"76,204",310.05,0.87,0.99,0.72,0.79,2.04,0.70,Ürgüp Sivrisi
"94,166","1,309.61",568.30,212.80,"95,410",346.26,0.93,0.99,0.76,0.69,2.67,0.61,Ürgüp Sivrisi
"99,273","1,348.05",581.92,217.86,"100,461",355.53,0.93,0.99,0.66,0.69,2.67,0.61,Ürgüp Sivrisi
"100,403","1,270.84",525.00,244.06,"101,143",357.54,0.89,0.99,0.74,0.78,2.15,0.68,Ürgüp Sivrisi
"85,054","1,260.36",545.34,199.45,"85,893",329.08,0.93,0.99,0.58,0.67,2.73,0.60,Ürgüp Sivrisi
"88,882","1,280.15",551.11,207.57,"90,298",336.40,0.93,0.98,0.60,0.68,2.66,0.61,Ürgüp Sivrisi
"97,268","1,268.14",522.35,238.01,"98,210",351.92,0.89,0.99,0.59,0.76,2.19,0.67,Ürgüp Sivrisi
"79,492","1,144.24",479.80,211.37,"80,094",318.14,0.90,0.99,0.75,0.76,2.27,0.66,Ürgüp Sivrisi
"79,459","1,160.77",492.10,206.15,"80,229",318.07,0.91,0.99,0.72,0.74,2.39,0.65,Ürgüp Sivrisi
"73,884","1,104.07",427.86,222.20,"75,275",306.71,0.85,0.98,0.64,0.76,1.93,0.72,Ürgüp Sivrisi
"87,407","1,204.13",498.60,223.97,"88,256",333.60,0.89,0.99,0.73,0.76,2.23,0.67,Ürgüp Sivrisi
"80,651","1,164.79",460.86,224.57,"81,652",320.45,0.87,0.99,0.66,0.75,2.05,0.70,Ürgüp Sivrisi
"136,574","1,559.45",661.91,267.39,"138,384",417.00,0.91,0.99,0.53,0.71,2.48,0.63,Ürgüp Sivrisi
"81,422","1,153.56",480.82,216.27,"82,045",321.98,0.89,0.99,0.67,0.77,2.22,0.67,Ürgüp Sivrisi
"70,499","1,138.23",458.60,196.78,"71,760",299.60,0.90,0.98,0.72,0.68,2.33,0.65,Ürgüp Sivrisi
"74,859","1,076.39",437.31,219.43,"75,487",308.73,0.87,0.99,0.72,0.81,1.99,0.71,Ürgüp Sivrisi
"72,537","1,079.89",445.92,209.00,"73,318",303.90,0.88,0.99,0.64,0.78,2.13,0.68,Ürgüp Sivrisi
"56,296",931.01,378.59,190.03,"56,823",267.73,0.86,0.99,0.68,0.82,1.99,0.71,Ürgüp Sivrisi
"101,280","1,317.01",553.35,235.20,"102,285",359.10,0.91,0.99,0.54,0.73,2.35,0.65,Ürgüp Sivrisi
"68,921","1,055.06",410.37,216.91,"69,859",296.23,0.85,0.99,0.59,0.78,1.89,0.72,Ürgüp Sivrisi
"104,523","1,374.16",569.72,235.53,"106,372",364.81,0.91,0.98,0.58,0.70,2.42,0.64,Ürgüp Sivrisi
"79,239","1,131.80",468.32,216.29,"79,958",317.63,0.89,0.99,0.67,0.78,2.17,0.68,Ürgüp Sivrisi
"72,278","1,106.91",470.25,196.34,"72,891",303.36,0.91,0.99,0.72,0.74,2.40,0.65,Ürgüp Sivrisi
"110,058","1,406.42",606.75,231.95,"111,273",374.34,0.92,0.99,0.65,0.70,2.62,0.62,Ürgüp Sivrisi
"57,840",986.47,418.97,176.56,"58,299",271.37,0.91,0.99,0.62,0.75,2.37,0.65,Ürgüp Sivrisi
"97,398","1,242.44",511.92,243.07,"98,067",352.15,0.88,0.99,0.61,0.79,2.11,0.69,Ürgüp Sivrisi
"88,290","1,220.33",513.86,221.15,"88,954",335.28,0.90,0.99,0.69,0.75,2.32,0.65,Ürgüp Sivrisi
"92,761","1,213.21",502.41,235.73,"93,383",343.67,0.88,0.99,0.60,0.79,2.13,0.68,Ürgüp Sivrisi
"90,597","1,352.22",605.58,192.59,"91,557",339.63,0.95,0.99,0.47,0.62,3.14,0.56,Ürgüp Sivrisi
"66,646","1,051.35",444.68,191.94,"67,235",291.30,0.90,0.99,0.68,0.76,2.32,0.66,Ürgüp Sivrisi
"73,763","1,129.91",482.39,195.59,"74,838",306.46,0.91,0.99,0.77,0.73,2.47,0.64,Ürgüp Sivrisi
"84,930","1,204.45",508.79,213.03,"85,665",328.84,0.91,0.99,0.55,0.74,2.39,0.65,Ürgüp Sivrisi
"59,856",978.84,407.09,188.23,"60,556",276.06,0.89,0.99,0.74,0.79,2.16,0.68,Ürgüp Sivrisi
"67,675","1,066.32",451.03,191.95,"68,226",293.54,0.90,0.99,0.73,0.75,2.35,0.65,Ürgüp Sivrisi
"86,180","1,207.00",505.23,218.15,"87,156",331.25,0.90,0.99,0.65,0.74,2.32,0.66,Ürgüp Sivrisi
"92,226","1,215.81",500.15,235.14,"92,967",342.67,0.88,0.99,0.62,0.78,2.13,0.69,Ürgüp Sivrisi
"92,679","1,258.54",533.88,222.08,"93,446",343.52,0.91,0.99,0.76,0.74,2.40,0.64,Ürgüp Sivrisi
"55,848",936.43,383.98,185.90,"56,278",266.66,0.88,0.99,0.73,0.80,2.07,0.69,Ürgüp Sivrisi
"110,296","1,276.69",499.36,282.59,"111,342",374.74,0.82,0.99,0.73,0.85,1.77,0.75,Ürgüp Sivrisi
"54,519",917.66,374.87,185.68,"54,979",263.47,0.87,0.99,0.77,0.81,2.02,0.70,Ürgüp Sivrisi
"85,203","1,183.74",487.63,222.88,"85,939",329.37,0.89,0.99,0.74,0.76,2.19,0.68,Ürgüp Sivrisi
"86,598","1,242.79",534.48,206.70,"87,432",332.05,0.92,0.99,0.76,0.70,2.59,0.62,Ürgüp Sivrisi
"93,827","1,313.81",564.21,215.25,"95,116",345.64,0.92,0.99,0.59,0.68,2.62,0.61,Ürgüp Sivrisi
"93,330","1,278.15",549.09,217.07,"94,094",344.72,0.92,0.99,0.76,0.72,2.53,0.63,Ürgüp Sivrisi
"91,020","1,184.31",475.73,244.14,"91,777",340.43,0.86,0.99,0.76,0.82,1.95,0.72,Ürgüp Sivrisi
"82,200","1,215.35",525.50,199.31,"82,967",323.51,0.93,0.99,0.76,0.70,2.64,0.62,Ürgüp Sivrisi
"85,988","1,187.60",495.84,221.23,"86,928",330.88,0.89,0.99,0.77,0.77,2.24,0.67,Ürgüp Sivrisi
"78,565","1,140.59",472.71,212.31,"79,268",316.28,0.89,0.99,0.66,0.76,2.23,0.67,Ürgüp Sivrisi
"85,893","1,244.19",532.94,205.99,"86,843",330.70,0.92,0.99,0.77,0.70,2.59,0.62,Ürgüp Sivrisi
"74,249","1,082.23",434.45,218.49,"75,291",307.47,0.86,0.99,0.74,0.80,1.99,0.71,Ürgüp Sivrisi
"97,267","1,259.32",519.98,239.03,"98,109",351.92,0.89,0.99,0.75,0.77,2.18,0.68,Ürgüp Sivrisi
"83,194","1,209.65",517.52,205.19,"84,025",325.46,0.92,0.99,0.74,0.71,2.52,0.63,Ürgüp Sivrisi
"71,719","1,037.99",407.56,226.02,"72,393",302.18,0.83,0.99,0.74,0.84,1.80,0.74,Ürgüp Sivrisi
"109,005","1,325.52",535.70,259.88,"110,274",372.54,0.87,0.99,0.73,0.78,2.06,0.70,Ürgüp Sivrisi
"115,744","1,430.17",612.32,241.16,"116,606",383.89,0.92,0.99,0.70,0.71,2.54,0.63,Ürgüp Sivrisi
"108,954","1,419.75",620.10,224.50,"110,095",372.46,0.93,0.99,0.74,0.68,2.76,0.60,Ürgüp Sivrisi
"83,192","1,234.26",541.29,196.19,"83,761",325.46,0.93,0.99,0.75,0.69,2.76,0.60,Ürgüp Sivrisi
"88,385","1,227.38",516.82,218.35,"89,255",335.46,0.91,0.99,0.71,0.74,2.37,0.65,Ürgüp Sivrisi
"84,329","1,139.89",461.91,233.76,"84,990",327.68,0.86,0.99,0.68,0.82,1.98,0.71,Ürgüp Sivrisi
"86,279","1,195.53",504.16,218.40,"86,983",331.44,0.90,0.99,0.73,0.76,2.31,0.66,Ürgüp Sivrisi
"75,634","1,110.39",429.98,229.97,"76,640",310.32,0.85,0.99,0.58,0.77,1.87,0.72,Ürgüp Sivrisi
"88,874","1,241.55",529.58,213.96,"89,806",336.39,0.91,0.99,0.64,0.72,2.48,0.64,Ürgüp Sivrisi
"77,802","1,087.47",435.52,228.23,"78,490",314.74,0.85,0.99,0.64,0.83,1.91,0.72,Ürgüp Sivrisi
"92,741","1,190.62",473.05,250.72,"93,415",343.63,0.85,0.99,0.67,0.82,1.89,0.73,Ürgüp Sivrisi
"82,455","1,267.16",559.19,188.50,"83,197",324.01,0.94,0.99,0.48,0.65,2.97,0.58,Ürgüp Sivrisi
"62,717",997.48,405.54,198.01,"63,319",282.58,0.87,0.99,0.60,0.79,2.05,0.70,Ürgüp Sivrisi
"65,453","1,041.84",433.85,193.09,"66,027",288.68,0.90,0.99,0.58,0.76,2.25,0.67,Ürgüp Sivrisi
"81,158","1,187.53",506.27,205.44,"82,178",321.46,0.91,0.99,0.75,0.72,2.46,0.63,Ürgüp Sivrisi
"60,780","1,022.44",434.36,179.07,"61,611",278.19,0.91,0.99,0.57,0.73,2.43,0.64,Ürgüp Sivrisi
"92,335","1,267.90",539.80,218.42,"93,195",342.88,0.91,0.99,0.55,0.72,2.47,0.64,Ürgüp Sivrisi
"99,165","1,293.38",534.16,237.24,"100,300",355.33,0.90,0.99,0.63,0.74,2.25,0.67,Ürgüp Sivrisi
"79,222","1,175.30",501.31,201.72,"79,890",317.60,0.92,0.99,0.55,0.72,2.49,0.63,Ürgüp Sivrisi
"95,502","1,232.35",507.05,241.11,"96,193",348.71,0.88,0.99,0.75,0.79,2.10,0.69,Ürgüp Sivrisi
"105,232","1,295.68",518.45,262.76,"107,405",366.04,0.86,0.98,0.66,0.79,1.97,0.71,Ürgüp Sivrisi
"68,120","1,071.35",454.34,192.25,"68,672",294.50,0.91,0.99,0.72,0.75,2.36,0.65,Ürgüp Sivrisi
"98,701","1,311.77",559.21,225.49,"99,574",354.50,0.92,0.99,0.68,0.72,2.48,0.63,Ürgüp Sivrisi
"75,019","1,156.91",498.47,192.81,"75,706",309.06,0.92,0.99,0.66,0.70,2.59,0.62,Ürgüp Sivrisi
"82,804","1,169.73",491.67,216.37,"83,373",324.70,0.90,0.99,0.74,0.76,2.27,0.66,Ürgüp Sivrisi
"74,674","1,080.25",424.16,227.53,"75,586",308.35,0.84,0.99,0.69,0.80,1.86,0.73,Ürgüp Sivrisi
"97,037","1,293.86",548.91,226.48,"97,866",351.50,0.91,0.99,0.55,0.73,2.42,0.64,Ürgüp Sivrisi
"67,675","1,055.24",437.48,197.97,"68,422",293.54,0.89,0.99,0.57,0.76,2.21,0.67,Ürgüp Sivrisi
"91,350","1,282.51",530.20,219.65,"92,091",341.04,0.91,0.99,0.58,0.70,2.41,0.64,Ürgüp Sivrisi
"66,642","1,021.87",416.47,204.26,"67,266",291.29,0.87,0.99,0.67,0.80,2.04,0.70,Ürgüp Sivrisi
"99,270","1,245.96",495.69,255.72,"100,359",355.52,0.86,0.99,0.70,0.80,1.94,0.72,Ürgüp Sivrisi
"72,484","1,154.29",480.26,192.80,"73,387",303.79,0.92,0.99,0.65,0.68,2.49,0.63,Ürgüp Sivrisi
"106,032","1,345.16",562.22,242.19,"106,974",367.43,0.90,0.99,0.56,0.74,2.32,0.65,Ürgüp Sivrisi
"68,785","1,077.08",452.94,193.74,"69,507",295.94,0.90,0.99,0.67,0.75,2.34,0.65,Ürgüp Sivrisi
"57,894",965.19,383.12,193.34,"58,879",271.50,0.86,0.98,0.78,0.78,1.98,0.71,Ürgüp Sivrisi
"60,862",993.66,412.44,188.21,"61,487",278.37,0.89,0.99,0.62,0.77,2.19,0.67,Ürgüp Sivrisi
"78,570","1,148.58",476.67,210.38,"79,264",316.29,0.90,0.99,0.59,0.75,2.27,0.66,Ürgüp Sivrisi
"87,082","1,237.49",529.34,210.20,"88,025",332.98,0.92,0.99,0.74,0.71,2.52,0.63,Ürgüp Sivrisi
"74,626","1,125.77",473.18,201.56,"75,383",308.25,0.90,0.99,0.57,0.74,2.35,0.65,Ürgüp Sivrisi
"79,128","1,170.56",492.72,204.75,"79,812",317.41,0.91,0.99,0.55,0.73,2.41,0.64,Ürgüp Sivrisi
"71,463","1,048.40",410.88,224.10,"72,035",301.64,0.84,0.99,0.66,0.82,1.83,0.73,Ürgüp Sivrisi
"103,437","1,252.59",492.41,268.24,"104,424",362.91,0.84,0.99,0.72,0.83,1.84,0.74,Ürgüp Sivrisi
"66,894","1,032.50",413.93,206.40,"67,682",291.84,0.87,0.99,0.62,0.79,2.01,0.71,Ürgüp Sivrisi
"107,367","1,326.82",540.16,253.70,"108,296",369.73,0.88,0.99,0.70,0.77,2.13,0.68,Ürgüp Sivrisi
"67,870","1,028.59",406.93,212.95,"68,558",293.96,0.85,0.99,0.70,0.81,1.91,0.72,Ürgüp Sivrisi
"76,132","1,135.57",465.73,208.94,"77,129",311.34,0.89,0.99,0.75,0.74,2.23,0.67,Ürgüp Sivrisi
"84,130","1,144.56",456.60,235.26,"84,914",327.29,0.86,0.99,0.76,0.81,1.94,0.72,Ürgüp Sivrisi
"82,296","1,171.85",484.49,216.63,"83,021",323.70,0.89,0.99,0.76,0.75,2.24,0.67,Ürgüp Sivrisi
"77,975","1,115.54",457.16,218.22,"78,637",315.09,0.88,0.99,0.74,0.79,2.09,0.69,Ürgüp Sivrisi
"78,063","1,153.23",478.53,208.81,"78,850",315.27,0.90,0.99,0.71,0.74,2.29,0.66,Ürgüp Sivrisi
"67,440","1,010.59",395.43,217.94,"68,229",293.03,0.83,0.99,0.72,0.83,1.81,0.74,Ürgüp Sivrisi
"95,090","1,275.55",541.70,224.24,"95,993",347.95,0.91,0.99,0.77,0.73,2.42,0.64,Ürgüp Sivrisi
"73,755","1,110.61",462.09,205.24,"74,576",306.44,0.90,0.99,0.75,0.75,2.25,0.66,Ürgüp Sivrisi
"93,720","1,192.99",472.72,252.90,"94,547",345.44,0.84,0.99,0.68,0.83,1.87,0.73,Ürgüp Sivrisi
"85,669","1,246.56",454.40,242.77,"87,064",330.27,0.85,0.98,0.75,0.69,1.87,0.73,Ürgüp Sivrisi
"63,928","1,029.56",412.40,198.93,"64,857",285.30,0.88,0.99,0.74,0.76,2.07,0.69,Ürgüp Sivrisi
"81,479","1,256.52",555.65,189.88,"82,557",322.09,0.94,0.99,0.74,0.65,2.93,0.58,Ürgüp Sivrisi
"97,248","1,244.14",513.98,242.39,"97,960",351.88,0.88,0.99,0.76,0.79,2.12,0.68,Ürgüp Sivrisi
"87,308","1,228.18",527.96,210.72,"87,964",333.41,0.92,0.99,0.78,0.73,2.51,0.63,Ürgüp Sivrisi
"85,361","1,128.45",439.45,248.49,"86,223",329.67,0.82,0.99,0.76,0.84,1.77,0.75,Ürgüp Sivrisi
"84,253","1,193.28",502.83,213.71,"85,011",327.53,0.91,0.99,0.63,0.74,2.35,0.65,Ürgüp Sivrisi
"101,375","1,359.79",589.48,220.45,"102,089",359.27,0.93,0.99,0.52,0.69,2.67,0.61,Ürgüp Sivrisi
"82,318","1,195.48",507.83,206.87,"83,200",323.74,0.91,0.99,0.73,0.72,2.45,0.64,Ürgüp Sivrisi
"72,559","1,056.81",421.91,219.86,"73,258",303.95,0.85,0.99,0.74,0.82,1.92,0.72,Ürgüp Sivrisi
"79,868","1,180.28",505.10,201.89,"80,583",318.89,0.92,0.99,0.77,0.72,2.50,0.63,Ürgüp Sivrisi
"84,542","1,169.42",483.34,224.06,"85,293",328.09,0.89,0.99,0.62,0.78,2.16,0.68,Ürgüp Sivrisi
"84,359","1,211.76",519.99,207.14,"85,081",327.73,0.92,0.99,0.65,0.72,2.51,0.63,Ürgüp Sivrisi
"61,409","1,022.51",438.31,178.55,"61,903",279.62,0.91,0.99,0.63,0.74,2.45,0.64,Ürgüp Sivrisi
"57,996",962.79,392.65,190.13,"58,666",271.74,0.87,0.99,0.72,0.79,2.07,0.69,Ürgüp Sivrisi
"89,236","1,249.03",523.93,217.96,"90,416",337.07,0.91,0.99,0.54,0.72,2.40,0.64,Ürgüp Sivrisi
"81,699","1,192.31",507.86,206.56,"82,471",322.53,0.91,0.99,0.68,0.72,2.46,0.64,Ürgüp Sivrisi
"92,511","1,166.98",464.75,253.80,"93,135",343.20,0.84,0.99,0.74,0.85,1.83,0.74,Ürgüp Sivrisi
"93,398","1,242.00",509.96,234.54,"94,916",344.84,0.89,0.98,0.74,0.76,2.17,0.68,Ürgüp Sivrisi
"83,068","1,212.69",524.60,202.68,"83,803",325.22,0.92,0.99,0.76,0.71,2.59,0.62,Ürgüp Sivrisi
"125,697","1,403.47",569.15,282.21,"126,538",400.05,0.87,0.99,0.66,0.80,2.02,0.70,Ürgüp Sivrisi
"80,021","1,208.54",528.93,192.82,"80,685",319.20,0.93,0.99,0.77,0.69,2.74,0.60,Ürgüp Sivrisi
"93,104","1,223.00",510.92,232.43,"93,789",344.30,0.89,0.99,0.72,0.78,2.20,0.67,Ürgüp Sivrisi
"71,620","1,142.70",493.59,185.14,"72,311",301.98,0.93,0.99,0.68,0.69,2.67,0.61,Ürgüp Sivrisi
"78,504","1,183.69",511.40,196.65,"79,546",316.16,0.92,0.99,0.77,0.70,2.60,0.62,Ürgüp Sivrisi
"67,628","1,060.60",446.17,194.17,"68,180",293.44,0.90,0.99,0.75,0.76,2.30,0.66,Ürgüp Sivrisi
"117,469","1,408.89",594.91,252.02,"118,327",386.74,0.91,0.99,0.76,0.74,2.36,0.65,Ürgüp Sivrisi
"91,175","1,271.51",543.42,215.26,"91,936",340.72,0.92,0.99,0.77,0.71,2.52,0.63,Ürgüp Sivrisi
"90,959","1,232.10",508.82,228.22,"91,689",340.31,0.89,0.99,0.75,0.75,2.23,0.67,Ürgüp Sivrisi
"98,410","1,327.27",573.22,219.43,"99,166",353.98,0.92,0.99,0.75,0.70,2.61,0.62,Ürgüp Sivrisi
"112,075","1,349.97",550.98,260.35,"112,998",377.75,0.88,0.99,0.75,0.77,2.12,0.69,Ürgüp Sivrisi
"87,984","1,264.04",545.02,205.97,"88,755",334.70,0.93,0.99,0.78,0.69,2.65,0.61,Ürgüp Sivrisi
"77,985","1,129.18",464.07,214.76,"78,725",315.11,0.89,0.99,0.73,0.77,2.16,0.68,Ürgüp Sivrisi
"95,149","1,234.35",502.49,241.81,"96,002",348.06,0.88,0.99,0.72,0.78,2.08,0.69,Ürgüp Sivrisi
"69,872","1,074.93",446.36,199.74,"70,550",298.27,0.89,0.99,0.69,0.76,2.23,0.67,Ürgüp Sivrisi
"80,229","1,134.81",456.84,225.24,"81,291",319.61,0.87,0.99,0.74,0.78,2.03,0.70,Ürgüp Sivrisi
"88,581","1,198.68",482.08,235.56,"89,909",335.83,0.87,0.99,0.62,0.77,2.05,0.70,Ürgüp Sivrisi
"73,018","1,117.48",465.55,199.84,"73,679",304.91,0.90,0.99,0.56,0.73,2.33,0.65,Ürgüp Sivrisi
"80,769","1,130.35",464.10,222.60,"81,408",320.68,0.88,0.99,0.77,0.79,2.08,0.69,Ürgüp Sivrisi
"75,239","1,154.73",492.46,195.50,"75,925",309.51,0.92,0.99,0.53,0.71,2.52,0.63,Ürgüp Sivrisi
"84,635","1,124.28",432.92,250.52,"85,438",328.27,0.82,0.99,0.70,0.84,1.73,0.76,Ürgüp Sivrisi
"85,346","1,189.94",491.56,222.76,"86,234",329.65,0.89,0.99,0.60,0.76,2.21,0.67,Ürgüp Sivrisi
"94,521","1,246.39",508.20,237.32,"95,494",346.91,0.88,0.99,0.58,0.76,2.14,0.68,Ürgüp Sivrisi
"74,469","1,081.58",436.86,217.84,"75,103",307.92,0.87,0.99,0.64,0.80,2.01,0.70,Ürgüp Sivrisi
"78,934","1,143.32",471.89,213.73,"79,704",317.02,0.89,0.99,0.63,0.76,2.21,0.67,Ürgüp Sivrisi
"76,774","1,112.95",460.22,212.89,"77,445",312.65,0.89,0.99,0.63,0.78,2.16,0.68,Ürgüp Sivrisi
"74,462","1,148.40",494.40,192.17,"75,087",307.91,0.92,0.99,0.64,0.71,2.57,0.62,Ürgüp Sivrisi
"65,428",975.18,378.99,220.62,"66,000",288.63,0.81,0.99,0.70,0.86,1.72,0.76,Ürgüp Sivrisi
"91,752","1,219.54",498.37,234.97,"92,712",341.79,0.88,0.99,0.60,0.78,2.12,0.69,Ürgüp Sivrisi
"68,778","1,025.17",408.27,215.92,"69,437",295.92,0.85,0.99,0.64,0.82,1.89,0.72,Ürgüp Sivrisi
"79,951","1,214.31",520.66,196.23,"80,756",319.06,0.93,0.99,0.51,0.68,2.65,0.61,Ürgüp Sivrisi
"72,826","1,068.76",435.55,213.75,"73,578",304.51,0.87,0.99,0.63,0.80,2.04,0.70,Ürgüp Sivrisi
"76,345","1,134.26",474.97,205.43,"77,175",311.78,0.90,0.99,0.58,0.75,2.31,0.66,Ürgüp Sivrisi
"101,155","1,310.61",558.59,231.22,"101,903",358.88,0.91,0.99,0.55,0.74,2.42,0.64,Ürgüp Sivrisi
"99,147","1,258.03",516.83,244.93,"99,985",355.30,0.88,0.99,0.66,0.79,2.11,0.69,Ürgüp Sivrisi
"99,695","1,279.76",535.81,237.36,"100,429",356.28,0.90,0.99,0.59,0.76,2.26,0.66,Ürgüp Sivrisi
"77,220","1,170.05",498.06,198.70,"77,949",313.56,0.92,0.99,0.64,0.71,2.51,0.63,Ürgüp Sivrisi
"87,144","1,190.49",486.85,228.99,"88,042",333.10,0.88,0.99,0.60,0.77,2.13,0.68,Ürgüp Sivrisi
"87,356","1,166.88",474.47,234.93,"88,135",333.50,0.87,0.99,0.67,0.81,2.02,0.70,Ürgüp Sivrisi
"95,817","1,261.14",523.87,233.96,"96,609",349.28,0.89,0.99,0.65,0.76,2.24,0.67,Ürgüp Sivrisi
"68,320","1,080.10",455.09,192.19,"69,205",294.94,0.91,0.99,0.54,0.74,2.37,0.65,Ürgüp Sivrisi
"101,320","1,265.10",510.94,253.69,"102,756",359.17,0.87,0.99,0.75,0.80,2.01,0.70,Ürgüp Sivrisi
"85,763","1,137.09",454.04,241.36,"86,401",330.45,0.85,0.99,0.65,0.83,1.88,0.73,Ürgüp Sivrisi
"83,008","1,157.37",481.45,220.28,"83,541",325.10,0.89,0.99,0.64,0.78,2.19,0.68,Ürgüp Sivrisi
"88,660","1,171.15",473.41,239.60,"89,222",335.98,0.86,0.99,0.71,0.81,1.98,0.71,Ürgüp Sivrisi
"65,267","1,070.16",457.93,182.05,"65,914",288.27,0.92,0.99,0.74,0.72,2.52,0.63,Ürgüp Sivrisi
"74,428","1,120.09",473.60,200.36,"75,046",307.84,0.91,0.99,0.66,0.75,2.36,0.65,Ürgüp Sivrisi
"86,092","1,220.39",514.09,213.70,"87,032",331.08,0.91,0.99,0.54,0.73,2.41,0.64,Ürgüp Sivrisi
"97,073","1,238.13",500.90,247.45,"97,845",351.56,0.87,0.99,0.61,0.80,2.02,0.70,Ürgüp Sivrisi
"73,873","1,085.92",443.17,213.52,"74,764",306.69,0.88,0.99,0.69,0.79,2.08,0.69,Ürgüp Sivrisi
"76,110","1,175.51",504.11,194.25,"76,890",311.30,0.92,0.99,0.70,0.69,2.60,0.62,Ürgüp Sivrisi
"95,971","1,303.77",558.42,219.84,"96,950",349.56,0.92,0.99,0.71,0.71,2.54,0.63,Ürgüp Sivrisi
"88,634","1,217.36",505.93,224.06,"89,534",335.94,0.90,0.99,0.74,0.75,2.26,0.66,Ürgüp Sivrisi
"77,706","1,125.99",462.33,215.10,"78,360",314.54,0.89,0.99,0.62,0.77,2.15,0.68,Ürgüp Sivrisi
"101,632","1,323.28",558.98,232.15,"102,412",359.72,0.91,0.99,0.75,0.73,2.41,0.64,Ürgüp Sivrisi
"96,168","1,293.68",545.61,225.11,"97,215",349.92,0.91,0.99,0.54,0.72,2.42,0.64,Ürgüp Sivrisi
"85,314","1,187.04",475.51,229.69,"86,356",329.58,0.88,0.99,0.63,0.76,2.07,0.69,Ürgüp Sivrisi
"61,934","1,014.24",420.28,188.41,"62,707",280.81,0.89,0.99,0.75,0.76,2.23,0.67,Ürgüp Sivrisi
"65,789","1,047.02",424.70,198.03,"66,544",289.42,0.88,0.99,0.59,0.75,2.14,0.68,Ürgüp Sivrisi
"76,982","1,142.66",471.20,208.65,"78,015",313.08,0.90,0.99,0.70,0.74,2.26,0.66,Ürgüp Sivrisi
"63,752","1,016.12",411.85,197.91,"64,556",284.91,0.88,0.99,0.73,0.78,2.08,0.69,Ürgüp Sivrisi
"74,014","1,156.55",496.67,191.65,"74,728",306.98,0.92,0.99,0.67,0.70,2.59,0.62,Ürgüp Sivrisi
"74,941","1,034.96",388.84,246.49,"75,646",308.90,0.77,0.99,0.73,0.88,1.58,0.79,Ürgüp Sivrisi
"109,945","1,339.45",560.08,250.87,"110,866",374.15,0.89,0.99,0.78,0.77,2.23,0.67,Ürgüp Sivrisi
"74,272","1,166.44",501.92,188.99,"75,425",307.52,0.93,0.98,0.64,0.69,2.66,0.61,Ürgüp Sivrisi
"67,958","1,075.30",433.41,200.43,"69,034",294.15,0.89,0.98,0.57,0.74,2.16,0.68,Ürgüp Sivrisi
"64,226","1,031.79",428.79,191.61,"64,959",285.96,0.89,0.99,0.74,0.76,2.24,0.67,Ürgüp Sivrisi
"66,684","1,050.38",440.62,192.95,"67,302",291.38,0.90,0.99,0.73,0.76,2.28,0.66,Ürgüp Sivrisi
"105,056","1,277.27",518.91,258.45,"105,896",365.73,0.87,0.99,0.61,0.81,2.01,0.70,Ürgüp Sivrisi
"105,093","1,320.36",548.65,244.79,"106,199",365.80,0.89,0.99,0.57,0.76,2.24,0.67,Ürgüp Sivrisi
"85,803","1,226.96",528.82,206.79,"86,510",330.53,0.92,0.99,0.54,0.72,2.56,0.63,Ürgüp Sivrisi
"71,369","1,102.26",459.41,199.35,"72,310",301.45,0.90,0.99,0.61,0.74,2.30,0.66,Ürgüp Sivrisi
"71,664","1,061.81",435.68,210.22,"72,533",302.07,0.88,0.99,0.64,0.80,2.07,0.69,Ürgüp Sivrisi
"81,001","1,108.08",442.08,233.75,"81,872",321.14,0.85,0.99,0.72,0.83,1.89,0.73,Ürgüp Sivrisi
"71,387","1,137.93",490.08,186.08,"72,376",301.48,0.93,0.99,0.61,0.69,2.63,0.62,Ürgüp Sivrisi
"74,883","1,069.28",432.03,221.91,"75,559",308.78,0.86,0.99,0.74,0.82,1.95,0.71,Ürgüp Sivrisi
"68,526","1,051.86",434.75,201.58,"69,134",295.38,0.89,0.99,0.65,0.78,2.16,0.68,Ürgüp Sivrisi
"88,390","1,237.60",527.51,214.06,"89,081",335.47,0.91,0.99,0.63,0.73,2.46,0.64,Ürgüp Sivrisi
"98,748","1,334.83",567.09,223.12,"99,592",354.58,0.92,0.99,0.53,0.70,2.54,0.63,Ürgüp Sivrisi
"75,848","1,073.30",431.19,224.87,"76,621",310.76,0.85,0.99,0.68,0.83,1.92,0.72,Ürgüp Sivrisi
"84,407","1,175.98",495.97,217.07,"84,988",327.83,0.90,0.99,0.66,0.77,2.28,0.66,Ürgüp Sivrisi
"71,379","1,112.93",411.70,222.12,"72,534",301.47,0.84,0.98,0.70,0.72,1.85,0.73,Ürgüp Sivrisi
"108,264","1,284.45",519.13,266.30,"108,964",371.28,0.86,0.99,0.67,0.82,1.95,0.72,Ürgüp Sivrisi
"67,762","1,135.37",506.04,172.88,"68,540",293.73,0.94,0.99,0.78,0.66,2.93,0.58,Ürgüp Sivrisi
"80,991","1,146.53",476.01,217.91,"81,621",321.12,0.89,0.99,0.72,0.77,2.18,0.67,Ürgüp Sivrisi
"73,320","1,082.99",447.81,209.46,"74,067",305.54,0.88,0.99,0.59,0.79,2.14,0.68,Ürgüp Sivrisi
"64,787","1,056.79",444.28,185.91,"65,556",287.21,0.91,0.99,0.55,0.73,2.39,0.65,Ürgüp Sivrisi
"72,824","1,143.77",493.43,189.17,"73,862",304.50,0.92,0.99,0.61,0.70,2.61,0.62,Ürgüp Sivrisi
"64,338",999.81,365.30,227.76,"65,554",286.21,0.78,0.98,0.76,0.81,1.60,0.78,Ürgüp Sivrisi
"90,412","1,239.67",523.83,221.17,"91,379",339.29,0.91,0.99,0.74,0.74,2.37,0.65,Ürgüp Sivrisi
"75,494","1,200.60",535.57,179.79,"76,136",310.04,0.94,0.99,0.78,0.66,2.98,0.58,Ürgüp Sivrisi
"73,944","1,106.77",460.67,204.92,"74,709",306.84,0.90,0.99,0.72,0.76,2.25,0.67,Ürgüp Sivrisi
"81,185","1,155.99",486.24,213.29,"81,776",321.51,0.90,0.99,0.74,0.76,2.28,0.66,Ürgüp Sivrisi
"71,301","1,063.55",435.48,209.81,"72,045",301.30,0.88,0.99,0.68,0.79,2.08,0.69,Ürgüp Sivrisi
"104,566","1,400.50",613.42,219.42,"105,550",364.88,0.93,0.99,0.76,0.67,2.80,0.59,Ürgüp Sivrisi
"86,092","1,218.63",520.32,211.10,"86,861",331.08,0.91,0.99,0.75,0.73,2.46,0.64,Ürgüp Sivrisi
"107,364","1,313.81",544.61,251.75,"108,062",369.73,0.89,0.99,0.66,0.78,2.16,0.68,Ürgüp Sivrisi
"65,347","1,061.52",454.26,183.46,"65,929",288.45,0.91,0.99,0.76,0.73,2.48,0.64,Ürgüp Sivrisi
"93,014","1,246.67",519.29,229.18,"93,928",344.14,0.90,0.99,0.75,0.75,2.27,0.66,Ürgüp Sivrisi
"80,622","1,123.28",454.56,226.96,"81,477",320.39,0.87,0.99,0.74,0.80,2.00,0.70,Ürgüp Sivrisi
"74,545","1,164.65",503.71,191.18,"75,354",308.08,0.93,0.99,0.70,0.69,2.63,0.61,Ürgüp Sivrisi
"81,665","1,158.43",476.54,218.66,"82,439",322.46,0.89,0.99,0.66,0.76,2.18,0.68,Ürgüp Sivrisi
"78,058","1,123.26",459.29,218.17,"78,800",315.26,0.88,0.99,0.71,0.78,2.11,0.69,Ürgüp Sivrisi
"85,617","1,237.64",537.77,203.03,"86,437",330.17,0.93,0.99,0.72,0.70,2.65,0.61,Ürgüp Sivrisi
"68,421","1,051.53",427.97,204.66,"69,170",295.15,0.88,0.99,0.75,0.78,2.09,0.69,Ürgüp Sivrisi
"75,450","1,123.77",476.68,201.72,"76,068",309.95,0.91,0.99,0.77,0.75,2.36,0.65,Ürgüp Sivrisi
"108,466","1,355.94",576.82,240.01,"109,644",371.62,0.91,0.99,0.79,0.74,2.40,0.64,Ürgüp Sivrisi
"77,930","1,106.68",446.68,223.14,"78,859",315.00,0.87,0.99,0.68,0.80,2.00,0.71,Ürgüp Sivrisi
"95,146","1,192.12",461.17,263.72,"96,444",348.06,0.82,0.99,0.67,0.84,1.75,0.75,Ürgüp Sivrisi
"82,337","1,172.14",494.53,212.32,"83,014",323.78,0.90,0.99,0.76,0.75,2.33,0.65,Ürgüp Sivrisi
"76,702","1,060.64",407.71,240.50,"77,425",312.51,0.81,0.99,0.66,0.86,1.70,0.77,Ürgüp Sivrisi
"97,966","1,238.78",497.92,251.35,"98,754",353.18,0.86,0.99,0.63,0.80,1.98,0.71,Ürgüp Sivrisi
"74,143","1,192.18",448.34,212.24,"75,809",307.25,0.88,0.98,0.63,0.66,2.11,0.69,Ürgüp Sivrisi
"81,992","1,174.80",494.19,212.92,"82,907",323.10,0.90,0.99,0.69,0.75,2.32,0.65,Ürgüp Sivrisi
"58,368",992.94,422.44,176.21,"58,799",272.61,0.91,0.99,0.58,0.74,2.40,0.65,Ürgüp Sivrisi
"85,579","1,206.66",511.75,213.84,"86,299",330.09,0.91,0.99,0.55,0.74,2.39,0.65,Ürgüp Sivrisi
"79,573","1,142.27",466.83,217.69,"80,552",318.30,0.88,0.99,0.59,0.77,2.14,0.68,Ürgüp Sivrisi
"66,859","1,125.20",485.95,175.80,"67,728",291.77,0.93,0.99,0.50,0.66,2.76,0.60,Ürgüp Sivrisi
"74,494","1,116.29",468.30,203.84,"75,158",307.98,0.90,0.99,0.71,0.75,2.30,0.66,Ürgüp Sivrisi
"75,714","1,087.86",444.77,217.84,"76,370",310.49,0.87,0.99,0.67,0.80,2.04,0.70,Ürgüp Sivrisi
"74,525","1,153.21",478.08,200.05,"76,573",308.04,0.91,0.97,0.56,0.70,2.39,0.64,Ürgüp Sivrisi
"52,143",884.11,328.27,204.28,"53,205",257.66,0.78,0.98,0.73,0.84,1.61,0.78,Ürgüp Sivrisi
"75,699","1,130.11",481.89,200.24,"76,317",310.46,0.91,0.99,0.64,0.74,2.41,0.64,Ürgüp Sivrisi
"87,562","1,174.51",477.72,234.94,"88,285",333.90,0.87,0.99,0.67,0.80,2.03,0.70,Ürgüp Sivrisi
"60,455","1,011.01",412.22,188.43,"61,359",277.44,0.89,0.99,0.75,0.74,2.19,0.67,Ürgüp Sivrisi
"81,937","1,167.52",492.40,212.72,"82,725",322.99,0.90,0.99,0.58,0.76,2.31,0.66,Ürgüp Sivrisi
"71,723","1,109.77",472.30,194.71,"72,336",302.19,0.91,0.99,0.73,0.73,2.43,0.64,Ürgüp Sivrisi
"93,323","1,244.53",519.30,229.44,"94,506",344.71,0.90,0.99,0.75,0.76,2.26,0.66,Ürgüp Sivrisi
"72,866","1,075.16",442.36,211.28,"73,466",304.59,0.88,0.99,0.73,0.79,2.09,0.69,Ürgüp Sivrisi
"125,949","1,425.96",595.59,269.79,"126,962",400.45,0.89,0.99,0.69,0.78,2.21,0.67,Ürgüp Sivrisi
"75,382","1,094.14",447.46,216.16,"75,986",309.81,0.88,0.99,0.62,0.79,2.07,0.69,Ürgüp Sivrisi
"72,677","1,138.14",488.59,189.93,"73,376",304.20,0.92,0.99,0.52,0.71,2.57,0.62,Ürgüp Sivrisi
"98,350","1,269.54",526.23,238.47,"99,184",353.87,0.89,0.99,0.59,0.77,2.21,0.67,Ürgüp Sivrisi
"63,720","1,017.50",424.35,191.75,"64,566",284.83,0.89,0.99,0.73,0.77,2.21,0.67,Ürgüp Sivrisi
"74,327","1,105.65",459.19,206.78,"74,986",307.63,0.89,0.99,0.58,0.76,2.22,0.67,Ürgüp Sivrisi
"56,718",973.29,408.92,177.05,"57,147",268.73,0.90,0.99,0.69,0.75,2.31,0.66,Ürgüp Sivrisi
"76,372","1,131.00",484.21,201.20,"76,928",311.83,0.91,0.99,0.75,0.75,2.41,0.64,Ürgüp Sivrisi
"111,027","1,339.13",556.90,254.23,"111,852",375.98,0.89,0.99,0.77,0.78,2.19,0.68,Ürgüp Sivrisi
"77,346","1,118.71",453.59,218.01,"78,335",313.82,0.88,0.99,0.74,0.78,2.08,0.69,Ürgüp Sivrisi
"58,497",959.18,369.32,207.72,"59,162",272.91,0.83,0.99,0.61,0.80,1.78,0.74,Ürgüp Sivrisi
"69,535","1,100.59",465.10,190.69,"70,307",297.55,0.91,0.99,0.59,0.72,2.44,0.64,Ürgüp Sivrisi
"76,901","1,128.56",468.80,209.56,"77,636",312.91,0.89,0.99,0.57,0.76,2.24,0.67,Ürgüp Sivrisi
"88,112","1,189.63",488.30,230.60,"89,314",334.94,0.88,0.99,0.73,0.78,2.12,0.69,Ürgüp Sivrisi
"67,562","1,017.26",383.70,228.70,"68,465",293.30,0.80,0.99,0.63,0.82,1.68,0.76,Ürgüp Sivrisi
"101,656","1,237.34",488.76,265.68,"102,295",359.77,0.84,0.99,0.72,0.83,1.84,0.74,Ürgüp Sivrisi
"65,917","1,018.45",418.86,201.24,"66,539",289.70,0.88,0.99,0.76,0.80,2.08,0.69,Ürgüp Sivrisi
"85,774","1,165.62",470.39,232.81,"86,582",330.47,0.87,0.99,0.74,0.79,2.02,0.70,Ürgüp Sivrisi
"84,892","1,273.56",557.78,195.41,"86,259",328.77,0.94,0.98,0.61,0.66,2.85,0.59,Ürgüp Sivrisi
"68,462","1,024.09",410.45,213.53,"68,977",295.24,0.85,0.99,0.72,0.82,1.92,0.72,Ürgüp Sivrisi
"91,338","1,229.23",518.65,224.35,"92,016",341.02,0.90,0.99,0.73,0.76,2.31,0.66,Ürgüp Sivrisi
"72,243","1,081.76",439.27,210.45,"72,987",303.29,0.88,0.99,0.75,0.78,2.09,0.69,Ürgüp Sivrisi
"73,613","1,086.95",447.99,209.94,"74,220",306.15,0.88,0.99,0.75,0.78,2.13,0.68,Ürgüp Sivrisi
"76,816","1,201.86",523.33,190.93,"78,087",312.74,0.93,0.98,0.76,0.67,2.74,0.60,Ürgüp Sivrisi
"98,464","1,397.23",610.33,206.24,"99,519",354.07,0.94,0.99,0.56,0.63,2.96,0.58,Ürgüp Sivrisi
"80,687","1,193.75",504.91,205.82,"81,468",320.52,0.91,0.99,0.68,0.71,2.45,0.63,Ürgüp Sivrisi
"104,650","1,337.58",561.80,237.69,"105,836",365.03,0.91,0.99,0.63,0.74,2.36,0.65,Ürgüp Sivrisi
"72,356","1,056.73",416.65,222.76,"73,449",303.52,0.85,0.99,0.72,0.81,1.87,0.73,Ürgüp Sivrisi
"86,870","1,223.99",509.76,217.93,"87,691",332.58,0.90,0.99,0.58,0.73,2.34,0.65,Ürgüp Sivrisi
"90,217","1,220.47",511.86,224.73,"90,865",338.92,0.90,0.99,0.67,0.76,2.28,0.66,Ürgüp Sivrisi
"50,731",960.18,422.63,154.00,"51,230",254.15,0.93,0.99,0.71,0.69,2.74,0.60,Ürgüp Sivrisi
"85,325","1,218.31",520.32,209.38,"86,287",329.60,0.92,0.99,0.70,0.72,2.49,0.63,Ürgüp Sivrisi
"95,801","1,281.50",540.37,227.88,"96,934",349.25,0.91,0.99,0.75,0.73,2.37,0.65,Ürgüp Sivrisi
"70,222","1,093.27",454.48,200.04,"70,999",299.01,0.90,0.99,0.54,0.74,2.27,0.66,Ürgüp Sivrisi
"60,553",971.57,364.02,217.25,"61,707",277.67,0.80,0.98,0.68,0.81,1.68,0.76,Ürgüp Sivrisi
"73,120","1,129.32",483.18,193.18,"73,754",305.12,0.92,0.99,0.63,0.72,2.50,0.63,Ürgüp Sivrisi
"97,132","1,310.22",563.95,220.69,"98,229",351.67,0.92,0.99,0.67,0.71,2.56,0.62,Ürgüp Sivrisi
"79,793","1,235.87",544.31,187.76,"80,640",318.74,0.94,0.99,0.54,0.66,2.90,0.59,Ürgüp Sivrisi
"69,949","1,070.19",448.71,199.24,"70,727",298.43,0.90,0.99,0.72,0.77,2.25,0.67,Ürgüp Sivrisi
"69,655","1,082.50",455.81,195.06,"70,513",297.80,0.90,0.99,0.71,0.75,2.34,0.65,Ürgüp Sivrisi
"92,115","1,170.35",466.42,251.82,"92,719",342.47,0.84,0.99,0.69,0.85,1.85,0.73,Ürgüp Sivrisi
"100,401","1,365.71",593.46,217.32,"101,603",357.54,0.93,0.99,0.62,0.68,2.73,0.60,Ürgüp Sivrisi
"89,388","1,196.95",494.68,231.37,"90,135",337.36,0.88,0.99,0.75,0.78,2.14,0.68,Ürgüp Sivrisi
"72,624","1,030.93",400.31,233.65,"73,123",304.09,0.81,0.99,0.74,0.86,1.71,0.76,Ürgüp Sivrisi
"69,490","1,108.62",476.69,186.06,"70,219",297.45,0.92,0.99,0.52,0.71,2.56,0.62,Ürgüp Sivrisi
"73,031","1,090.31",457.04,203.95,"73,588",304.94,0.89,0.99,0.70,0.77,2.24,0.67,Ürgüp Sivrisi
"99,963","1,321.00",567.52,225.24,"101,049",356.76,0.92,0.99,0.61,0.72,2.52,0.63,Ürgüp Sivrisi
"61,860",987.52,404.31,195.71,"62,401",280.65,0.88,0.99,0.60,0.80,2.07,0.69,Ürgüp Sivrisi
"91,710","1,219.41",498.76,236.07,"92,599",341.71,0.88,0.99,0.74,0.78,2.11,0.69,Ürgüp Sivrisi
"73,528","1,120.98",470.49,200.61,"74,343",305.97,0.90,0.99,0.67,0.74,2.35,0.65,Ürgüp Sivrisi
"73,065","1,067.89",429.74,217.81,"74,045",305.01,0.86,0.99,0.70,0.81,1.97,0.71,Ürgüp Sivrisi
"100,776","1,255.21",508.00,253.54,"101,767",358.21,0.87,0.99,0.67,0.80,2.00,0.71,Ürgüp Sivrisi
"82,301","1,206.50",518.87,203.22,"83,011",323.71,0.92,0.99,0.54,0.71,2.55,0.62,Ürgüp Sivrisi
"80,251","1,143.50",474.80,216.43,"81,135",319.65,0.89,0.99,0.62,0.77,2.19,0.67,Ürgüp Sivrisi
"73,958","1,101.13",454.49,208.01,"74,727",306.87,0.89,0.99,0.69,0.77,2.18,0.68,Ürgüp Sivrisi
"94,555","1,271.26",533.28,226.83,"95,804",346.97,0.91,0.99,0.55,0.74,2.35,0.65,Ürgüp Sivrisi
"96,357","1,250.21",512.64,240.13,"97,308",350.27,0.88,0.99,0.73,0.77,2.13,0.68,Ürgüp Sivrisi
"97,110","1,253.94",517.85,239.26,"98,045",351.63,0.89,0.99,0.59,0.78,2.16,0.68,Ürgüp Sivrisi
"64,286","1,028.12",428.50,191.43,"64,847",286.10,0.89,0.99,0.72,0.76,2.24,0.67,Ürgüp Sivrisi
"80,283","1,140.20",471.15,217.97,"80,940",319.72,0.89,0.99,0.69,0.78,2.16,0.68,Ürgüp Sivrisi
"79,317","1,093.84",439.36,230.44,"79,905",317.79,0.85,0.99,0.66,0.83,1.91,0.72,Ürgüp Sivrisi
"91,329","1,237.63",509.13,229.60,"92,246",341.00,0.89,0.99,0.59,0.75,2.22,0.67,Ürgüp Sivrisi
"82,647","1,167.31",491.91,214.49,"83,428",324.39,0.90,0.99,0.74,0.76,2.29,0.66,Ürgüp Sivrisi
"74,478","1,108.66",464.10,204.68,"75,065",307.94,0.90,0.99,0.64,0.76,2.27,0.66,Ürgüp Sivrisi
"107,620","1,391.94",593.73,232.61,"108,931",370.17,0.92,0.99,0.72,0.70,2.55,0.62,Ürgüp Sivrisi
"74,928","1,063.25",416.74,231.48,"75,550",308.87,0.83,0.99,0.75,0.83,1.80,0.74,Ürgüp Sivrisi
"101,189","1,307.90",538.27,241.21,"102,562",358.94,0.89,0.99,0.65,0.74,2.23,0.67,Ürgüp Sivrisi
"76,894","1,163.70",495.58,198.61,"77,536",312.90,0.92,0.99,0.56,0.71,2.50,0.63,Ürgüp Sivrisi
"99,873","1,361.05",597.09,213.82,"100,795",356.60,0.93,0.99,0.78,0.68,2.79,0.60,Ürgüp Sivrisi
"102,794","1,304.16",539.35,243.59,"103,596",361.78,0.89,0.99,0.70,0.76,2.21,0.67,Ürgüp Sivrisi
"71,556","1,095.27",457.36,200.71,"72,376",301.84,0.90,0.99,0.73,0.75,2.28,0.66,Ürgüp Sivrisi
"83,141","1,224.74",528.82,202.10,"83,949",325.36,0.92,0.99,0.64,0.70,2.62,0.62,Ürgüp Sivrisi
"85,765","1,240.56",535.44,204.93,"86,648",330.45,0.92,0.99,0.76,0.70,2.61,0.62,Ürgüp Sivrisi
"96,442","1,227.02",493.25,249.76,"97,371",350.42,0.86,0.99,0.73,0.81,1.97,0.71,Ürgüp Sivrisi
"94,961","1,276.16",540.45,224.23,"95,861",347.72,0.91,0.99,0.67,0.73,2.41,0.64,Ürgüp Sivrisi
"92,369","1,221.90",499.57,236.00,"93,072",342.94,0.88,0.99,0.60,0.78,2.12,0.69,Ürgüp Sivrisi
"96,666","1,267.89",515.72,238.80,"97,560",350.83,0.89,0.99,0.63,0.76,2.16,0.68,Ürgüp Sivrisi
"72,499","1,091.72",449.22,206.25,"73,438",303.82,0.89,0.99,0.74,0.76,2.18,0.68,Ürgüp Sivrisi
"82,850","1,130.49",453.03,233.37,"83,496",324.79,0.86,0.99,0.72,0.81,1.94,0.72,Ürgüp Sivrisi
"85,133","1,240.76",531.59,204.89,"86,272",329.23,0.92,0.99,0.58,0.69,2.59,0.62,Ürgüp Sivrisi
"93,099","1,318.93",567.38,209.68,"93,996",344.29,0.93,0.99,0.50,0.67,2.71,0.61,Ürgüp Sivrisi
"83,734","1,169.57",484.25,220.45,"84,419",326.52,0.89,0.99,0.62,0.77,2.20,0.67,Ürgüp Sivrisi
"75,492","1,119.81",468.65,205.54,"76,193",310.03,0.90,0.99,0.63,0.76,2.28,0.66,Ürgüp Sivrisi
"82,298","1,127.57",459.37,228.98,"82,840",323.71,0.87,0.99,0.64,0.81,2.01,0.70,Ürgüp Sivrisi
"130,071","1,491.95",621.71,267.30,"131,713",406.95,0.90,0.99,0.59,0.73,2.33,0.65,Ürgüp Sivrisi
"87,159","1,198.10",496.99,224.36,"88,010",333.13,0.89,0.99,0.63,0.76,2.22,0.67,Ürgüp Sivrisi
"99,415","1,273.36",521.18,244.22,"100,630",355.78,0.88,0.99,0.63,0.77,2.13,0.68,Ürgüp Sivrisi
"86,036","1,211.07",501.79,220.43,"87,340",330.98,0.90,0.99,0.60,0.74,2.28,0.66,Ürgüp Sivrisi
"67,481","1,076.02",454.95,190.58,"68,105",293.12,0.91,0.99,0.60,0.73,2.39,0.64,Ürgüp Sivrisi
"90,221","1,203.87",496.41,231.98,"90,947",338.93,0.88,0.99,0.75,0.78,2.14,0.68,Ürgüp Sivrisi
"117,001","1,377.34",567.35,263.62,"117,934",385.97,0.89,0.99,0.69,0.78,2.15,0.68,Ürgüp Sivrisi
"80,881","1,184.42",492.19,211.25,"81,867",320.91,0.90,0.99,0.59,0.72,2.33,0.65,Ürgüp Sivrisi
"88,358","1,319.89",581.49,193.91,"89,445",335.41,0.94,0.99,0.74,0.64,3.00,0.58,Ürgüp Sivrisi
"108,795","1,292.53",517.20,268.92,"109,637",372.19,0.85,0.99,0.74,0.82,1.92,0.72,Ürgüp Sivrisi
"88,604","1,243.77",528.78,214.48,"89,392",335.88,0.91,0.99,0.62,0.72,2.47,0.64,Ürgüp Sivrisi
"74,336","1,099.84",449.06,211.50,"75,287",307.65,0.88,0.99,0.74,0.77,2.12,0.69,Ürgüp Sivrisi
"72,007","1,125.73",480.43,191.84,"73,086",302.79,0.92,0.99,0.64,0.71,2.50,0.63,Ürgüp Sivrisi
"70,505","1,064.27",444.67,202.26,"70,982",299.62,0.89,0.99,0.60,0.78,2.20,0.67,Ürgüp Sivrisi
"99,050","1,317.45",555.28,227.75,"100,015",355.13,0.91,0.99,0.69,0.72,2.44,0.64,Ürgüp Sivrisi
"83,422","1,140.85",445.14,239.34,"84,230",325.91,0.84,0.99,0.66,0.81,1.86,0.73,Ürgüp Sivrisi
"81,161","1,147.91",470.98,220.07,"82,234",321.46,0.88,0.99,0.66,0.77,2.14,0.68,Ürgüp Sivrisi
"72,124","1,112.70",468.29,196.66,"72,877",303.04,0.91,0.99,0.54,0.73,2.38,0.65,Ürgüp Sivrisi
"72,269","1,098.63",462.79,199.33,"72,971",303.34,0.90,0.99,0.72,0.75,2.32,0.66,Ürgüp Sivrisi
"58,670",995.80,422.04,177.34,"59,180",273.31,0.91,0.99,0.61,0.74,2.38,0.65,Ürgüp Sivrisi
"94,070","1,280.77",548.46,218.83,"94,801",346.08,0.92,0.99,0.73,0.72,2.51,0.63,Ürgüp Sivrisi
"79,078","1,155.81",487.60,206.78,"79,807",317.31,0.91,0.99,0.75,0.74,2.36,0.65,Ürgüp Sivrisi
"103,396","1,314.14",546.37,241.59,"104,231",362.83,0.90,0.99,0.63,0.75,2.26,0.66,Ürgüp Sivrisi
"99,855","1,293.29",538.96,236.69,"100,620",356.57,0.90,0.99,0.66,0.75,2.28,0.66,Ürgüp Sivrisi
"91,096","1,232.65",505.92,230.97,"92,311",340.57,0.89,0.99,0.57,0.75,2.19,0.67,Ürgüp Sivrisi
"61,779",972.72,388.38,202.91,"62,368",280.46,0.85,0.99,0.72,0.82,1.91,0.72,Ürgüp Sivrisi
"66,784","1,045.22",433.04,197.29,"67,349",291.60,0.89,0.99,0.69,0.77,2.19,0.67,Ürgüp Sivrisi
"72,004","1,082.73",442.58,207.85,"72,691",302.78,0.88,0.99,0.59,0.77,2.13,0.68,Ürgüp Sivrisi
"94,624","1,281.47",544.93,221.89,"95,346",347.10,0.91,0.99,0.76,0.72,2.46,0.64,Ürgüp Sivrisi
"94,732","1,264.29",528.80,228.81,"95,643",347.30,0.90,0.99,0.69,0.74,2.31,0.66,Ürgüp Sivrisi
"62,892",988.63,399.50,202.72,"63,450",282.98,0.86,0.99,0.70,0.81,1.97,0.71,Ürgüp Sivrisi
"85,855","1,160.91",472.95,232.01,"86,515",330.63,0.87,0.99,0.74,0.80,2.04,0.70,Ürgüp Sivrisi
"83,336","1,267.73",554.82,192.67,"84,389",325.74,0.94,0.99,0.76,0.65,2.88,0.59,Ürgüp Sivrisi
"94,469","1,265.12",527.60,229.11,"95,567",346.82,0.90,0.99,0.71,0.74,2.30,0.66,Ürgüp Sivrisi
"90,610","1,206.73",478.25,242.49,"91,747",339.66,0.86,0.99,0.74,0.78,1.97,0.71,Ürgüp Sivrisi
"70,200","1,098.41",467.66,191.46,"70,983",298.97,0.91,0.99,0.77,0.73,2.44,0.64,Ürgüp Sivrisi
"97,605","1,295.98",535.26,233.10,"98,507",352.53,0.90,0.99,0.57,0.73,2.30,0.66,Ürgüp Sivrisi
"88,928","1,200.89",486.56,233.61,"90,097",336.49,0.88,0.99,0.59,0.77,2.08,0.69,Ürgüp Sivrisi
"79,451","1,161.01",487.29,208.02,"80,347",318.06,0.90,0.99,0.76,0.74,2.34,0.65,Ürgüp Sivrisi
"82,347","1,196.74",503.65,209.07,"83,084",323.80,0.91,0.99,0.72,0.72,2.41,0.64,Ürgüp Sivrisi
"88,135","1,208.56",492.33,230.73,"89,051",334.99,0.88,0.99,0.69,0.76,2.13,0.68,Ürgüp Sivrisi
"71,351","1,167.66",506.40,180.21,"72,337",301.41,0.93,0.99,0.67,0.66,2.81,0.60,Ürgüp Sivrisi
"91,417","1,290.19",558.62,209.19,"92,193",341.17,0.93,0.99,0.54,0.69,2.67,0.61,Ürgüp Sivrisi
"63,612","1,045.87",440.06,185.24,"64,489",284.59,0.91,0.99,0.56,0.73,2.38,0.65,Ürgüp Sivrisi
"54,545","1,007.79",441.58,160.63,"55,450",263.53,0.93,0.98,0.75,0.67,2.75,0.60,Ürgüp Sivrisi
"82,214","1,230.81",536.97,195.45,"83,103",323.54,0.93,0.99,0.50,0.68,2.75,0.60,Ürgüp Sivrisi
"66,001","1,069.08",453.85,186.96,"66,827",289.89,0.91,0.99,0.54,0.73,2.43,0.64,Ürgüp Sivrisi
"109,006","1,367.42",570.34,244.03,"110,017",372.55,0.90,0.99,0.58,0.73,2.34,0.65,Ürgüp Sivrisi
"72,636","1,095.03",457.11,203.12,"73,264",304.11,0.90,0.99,0.64,0.76,2.25,0.67,Ürgüp Sivrisi
"94,411","1,257.53",525.34,229.50,"95,183",346.71,0.90,0.99,0.60,0.75,2.29,0.66,Ürgüp Sivrisi
"81,686","1,129.30",461.64,226.07,"82,380",322.50,0.87,0.99,0.71,0.80,2.04,0.70,Ürgüp Sivrisi
"57,159",937.85,374.33,195.09,"57,693",269.77,0.85,0.99,0.66,0.82,1.92,0.72,Ürgüp Sivrisi
"93,261","1,229.36",509.30,234.18,"93,958",344.59,0.89,0.99,0.75,0.78,2.17,0.68,Ürgüp Sivrisi
"88,640","1,279.83",553.90,205.26,"89,536",335.95,0.93,0.99,0.51,0.68,2.70,0.61,Ürgüp Sivrisi
"88,643","1,185.73",482.96,234.81,"89,304",335.95,0.87,0.99,0.69,0.79,2.06,0.70,Ürgüp Sivrisi
"62,772","1,003.94",411.45,194.84,"63,391",282.71,0.88,0.99,0.70,0.78,2.11,0.69,Ürgüp Sivrisi
"95,077","1,267.40",533.65,227.67,"96,067",347.93,0.90,0.99,0.75,0.74,2.34,0.65,Ürgüp Sivrisi
"79,170","1,186.70",508.75,199.02,"79,799",317.49,0.92,0.99,0.52,0.71,2.56,0.62,Ürgüp Sivrisi
"94,293","1,213.49",496.28,243.01,"95,045",346.49,0.87,0.99,0.76,0.80,2.04,0.70,Ürgüp Sivrisi
"98,845","1,274.02",534.73,235.93,"99,742",354.76,0.90,0.99,0.74,0.77,2.27,0.66,Ürgüp Sivrisi
"80,705","1,208.61",515.54,200.43,"81,824",320.56,0.92,0.99,0.51,0.69,2.57,0.62,Ürgüp Sivrisi
"97,097","1,262.07",521.63,238.10,"98,195",351.61,0.89,0.99,0.57,0.77,2.19,0.67,Ürgüp Sivrisi
"60,291","1,020.06",402.44,193.90,"61,478",277.06,0.88,0.98,0.76,0.73,2.08,0.69,Ürgüp Sivrisi
"104,308","1,379.45",589.73,227.08,"105,614",364.43,0.92,0.99,0.66,0.69,2.60,0.62,Ürgüp Sivrisi
"82,498","1,173.07",493.56,213.32,"83,202",324.10,0.90,0.99,0.56,0.75,2.31,0.66,Ürgüp Sivrisi
"112,871","1,389.99",582.01,248.08,"113,895",379.09,0.90,0.99,0.55,0.73,2.35,0.65,Ürgüp Sivrisi
"75,362","1,135.79",481.21,200.90,"75,981",309.76,0.91,0.99,0.59,0.73,2.40,0.64,Ürgüp Sivrisi
"88,794","1,211.70",510.13,222.09,"89,599",336.24,0.90,0.99,0.56,0.76,2.30,0.66,Ürgüp Sivrisi
"101,629","1,271.36",525.86,246.56,"102,350",359.72,0.88,0.99,0.64,0.79,2.13,0.68,Ürgüp Sivrisi
"113,101","1,298.91",512.61,282.03,"114,115",379.48,0.84,0.99,0.69,0.84,1.82,0.74,Ürgüp Sivrisi
"95,687","1,250.07",516.45,236.90,"96,408",349.05,0.89,0.99,0.65,0.77,2.18,0.68,Ürgüp Sivrisi
"72,889","1,134.73",480.53,194.67,"73,595",304.64,0.91,0.99,0.53,0.71,2.47,0.63,Ürgüp Sivrisi
"66,584","1,063.99",443.54,192.32,"67,224",291.17,0.90,0.99,0.73,0.74,2.31,0.66,Ürgüp Sivrisi
"106,538","1,318.78",538.10,254.09,"107,575",368.30,0.88,0.99,0.63,0.77,2.12,0.68,Ürgüp Sivrisi
"64,783","1,069.99",394.10,214.53,"66,488",287.20,0.84,0.97,0.77,0.71,1.84,0.73,Ürgüp Sivrisi
"97,062","1,261.37",523.07,237.03,"97,949",351.54,0.89,0.99,0.58,0.77,2.21,0.67,Ürgüp Sivrisi
"84,152","1,189.51",503.64,213.41,"84,747",327.33,0.91,0.99,0.69,0.75,2.36,0.65,Ürgüp Sivrisi
"77,208","1,162.26",495.63,199.31,"78,049",313.54,0.92,0.99,0.77,0.72,2.49,0.63,Ürgüp Sivrisi
"84,506","1,251.27",537.23,201.54,"85,349",328.02,0.93,0.99,0.74,0.68,2.67,0.61,Ürgüp Sivrisi
"76,991","1,110.86",456.68,215.20,"77,735",313.09,0.88,0.99,0.75,0.78,2.12,0.69,Ürgüp Sivrisi
"123,618","1,376.11",533.39,296.28,"124,732",396.73,0.83,0.99,0.67,0.82,1.80,0.74,Ürgüp Sivrisi
"63,907","1,037.46",432.16,189.43,"64,654",285.25,0.90,0.99,0.63,0.75,2.28,0.66,Ürgüp Sivrisi
"72,986","1,086.39",443.75,209.83,"73,632",304.84,0.88,0.99,0.61,0.78,2.11,0.69,Ürgüp Sivrisi
"57,255","1,071.25",475.92,154.73,"57,898",270.00,0.95,0.99,0.64,0.63,3.08,0.57,Ürgüp Sivrisi
"71,038","1,108.19",464.50,196.33,"71,782",300.75,0.91,0.99,0.76,0.73,2.37,0.65,Ürgüp Sivrisi
"101,695","1,254.37",493.33,263.65,"102,602",359.84,0.85,0.99,0.70,0.81,1.87,0.73,Ürgüp Sivrisi
"60,677",991.06,415.28,186.76,"61,143",277.95,0.89,0.99,0.76,0.78,2.22,0.67,Ürgüp Sivrisi
"55,926",963.14,380.51,188.56,"56,727",266.85,0.87,0.99,0.73,0.76,2.02,0.70,Ürgüp Sivrisi
"81,489","1,177.82",497.02,209.54,"82,259",322.11,0.91,0.99,0.72,0.74,2.37,0.65,Ürgüp Sivrisi
"91,187","1,214.70",500.72,233.27,"91,961",340.74,0.88,0.99,0.70,0.78,2.15,0.68,Ürgüp Sivrisi
"87,110","1,204.39",503.07,221.00,"88,000",333.03,0.90,0.99,0.70,0.75,2.28,0.66,Ürgüp Sivrisi
"78,025","1,198.90",446.99,229.17,"79,611",315.19,0.86,0.98,0.65,0.68,1.95,0.71,Ürgüp Sivrisi
"77,516","1,125.38",463.66,213.42,"78,287",314.16,0.89,0.99,0.61,0.77,2.17,0.68,Ürgüp Sivrisi
"75,754","1,147.81",490.62,200.91,"76,332",310.57,0.91,0.99,0.55,0.72,2.44,0.63,Ürgüp Sivrisi
"61,013","1,020.69",430.33,180.94,"61,554",278.72,0.91,0.99,0.61,0.74,2.38,0.65,Ürgüp Sivrisi
"77,244","1,110.42",463.29,212.68,"77,867",313.61,0.89,0.99,0.71,0.79,2.18,0.68,Ürgüp Sivrisi
"65,018","1,000.17",385.83,218.84,"65,965",287.72,0.82,0.99,0.68,0.82,1.76,0.75,Ürgüp Sivrisi
"109,033","1,328.50",551.73,252.45,"109,892",372.59,0.89,0.99,0.75,0.78,2.19,0.68,Ürgüp Sivrisi
"114,177","1,411.44",598.62,244.07,"115,297",381.28,0.91,0.99,0.55,0.72,2.45,0.64,Ürgüp Sivrisi
"78,792","1,139.47",449.29,226.58,"80,186",316.74,0.86,0.98,0.61,0.76,1.98,0.71,Ürgüp Sivrisi
"69,304","1,069.86",445.93,198.41,"70,024",297.05,0.90,0.99,0.56,0.76,2.25,0.67,Ürgüp Sivrisi
"73,111","1,106.78",466.66,200.62,"73,767",305.10,0.90,0.99,0.67,0.75,2.33,0.65,Ürgüp Sivrisi
"74,336","1,105.65",461.96,205.35,"74,955",307.65,0.90,0.99,0.75,0.76,2.25,0.67,Ürgüp Sivrisi
"73,128","1,105.96",466.25,200.68,"73,703",305.14,0.90,0.99,0.62,0.75,2.32,0.65,Ürgüp Sivrisi
"77,358","1,147.85",488.90,201.68,"78,007",313.84,0.91,0.99,0.65,0.74,2.42,0.64,Ürgüp Sivrisi
"98,626","1,264.03",520.28,242.01,"99,791",354.37,0.89,0.99,0.59,0.78,2.15,0.68,Ürgüp Sivrisi
"82,366","1,198.46",510.99,206.05,"83,517",323.84,0.92,0.99,0.73,0.72,2.48,0.63,Ürgüp Sivrisi
"72,140","1,178.25",516.26,184.55,"75,406",303.07,0.93,0.96,0.52,0.65,2.80,0.59,Ürgüp Sivrisi
"52,367","1,001.30",438.26,154.53,"53,045",258.22,0.94,0.99,0.62,0.66,2.84,0.59,Ürgüp Sivrisi
"112,682","1,361.84",557.67,259.81,"113,842",378.78,0.88,0.99,0.59,0.76,2.15,0.68,Ürgüp Sivrisi
"58,896",964.35,390.89,193.07,"59,536",273.84,0.87,0.99,0.62,0.80,2.02,0.70,Ürgüp Sivrisi
"64,666","1,001.26",404.89,204.35,"65,184",286.94,0.86,0.99,0.62,0.81,1.98,0.71,Ürgüp Sivrisi
"71,141","1,126.93",486.46,187.07,"71,768",300.96,0.92,0.99,0.59,0.70,2.60,0.62,Ürgüp Sivrisi
"54,426",903.46,363.79,190.87,"54,880",263.24,0.85,0.99,0.65,0.84,1.91,0.72,Ürgüp Sivrisi
"87,088","1,193.77",494.47,225.17,"87,924",332.99,0.89,0.99,0.71,0.77,2.20,0.67,Ürgüp Sivrisi
"60,387","1,016.51",433.29,178.28,"60,938",277.29,0.91,0.99,0.62,0.73,2.43,0.64,Ürgüp Sivrisi
"92,886","1,211.85",501.58,237.12,"93,503",343.90,0.88,0.99,0.62,0.79,2.12,0.69,Ürgüp Sivrisi
"51,555",934.91,401.83,164.70,"52,013",256.21,0.91,0.99,0.72,0.74,2.44,0.64,Ürgüp Sivrisi
"69,836","1,010.61",396.63,224.79,"70,419",298.19,0.82,0.99,0.67,0.86,1.76,0.75,Ürgüp Sivrisi
"84,236","1,274.66",456.93,237.15,"85,248",327.49,0.85,0.99,0.61,0.65,1.93,0.72,Ürgüp Sivrisi
"58,987",977.41,404.08,186.37,"59,518",274.05,0.89,0.99,0.73,0.78,2.17,0.68,Ürgüp Sivrisi
"79,755","1,146.43",470.39,217.83,"80,649",318.66,0.89,0.99,0.72,0.76,2.16,0.68,Ürgüp Sivrisi
"79,637","1,224.71",533.15,190.44,"80,381",318.43,0.93,0.99,0.49,0.67,2.80,0.60,Ürgüp Sivrisi
"69,647","1,084.32",462.94,191.82,"70,216",297.79,0.91,0.99,0.60,0.74,2.41,0.64,Ürgüp Sivrisi
"87,994","1,210.31",507.22,222.19,"88,702",334.72,0.90,0.99,0.76,0.75,2.28,0.66,Ürgüp Sivrisi
"80,011","1,182.95",501.91,204.75,"80,902",319.18,0.91,0.99,0.74,0.72,2.45,0.64,Ürgüp Sivrisi
"84,934","1,159.93",462.90,234.56,"85,781",328.85,0.86,0.99,0.74,0.79,1.97,0.71,Ürgüp Sivrisi
